-- phpMyAdmin SQL Dump
-- version 4.8.1
-- https://www.phpmyadmin.net/
--
-- Host: 127.0.0.1
-- Generation Time: 28-Jan-2019 às 15:14
-- Versão do servidor: 10.1.33-MariaDB
-- PHP Version: 7.2.6

SET SQL_MODE = "NO_AUTO_VALUE_ON_ZERO";
SET AUTOCOMMIT = 0;
START TRANSACTION;
SET time_zone = "+00:00";


/*!40101 SET @OLD_CHARACTER_SET_CLIENT=@@CHARACTER_SET_CLIENT */;
/*!40101 SET @OLD_CHARACTER_SET_RESULTS=@@CHARACTER_SET_RESULTS */;
/*!40101 SET @OLD_COLLATION_CONNECTION=@@COLLATION_CONNECTION */;
/*!40101 SET NAMES utf8mb4 */;

--
-- Database: `sorteio_alameda`
--

-- --------------------------------------------------------

--
-- Estrutura da tabela `apartamentos`
--

CREATE TABLE `apartamentos` (
  `id` int(11) NOT NULL,
  `bloco_id` int(11) NOT NULL,
  `lote_id` int(11) NOT NULL,
  `quadra_id` int(11) NOT NULL,
  `empreendimento_id` int(11) NOT NULL,
  `nome` varchar(250) NOT NULL,
  `terreo` tinyint(1) NOT NULL DEFAULT '0'
) ENGINE=InnoDB DEFAULT CHARSET=utf8;

--
-- Extraindo dados da tabela `apartamentos`
--

INSERT INTO `apartamentos` (`id`, `bloco_id`, `lote_id`, `quadra_id`, `empreendimento_id`, `nome`, `terreo`) VALUES
(1, 1, 1, 1, 1, 'APARTAMENTO 101', 1),
(2, 1, 1, 1, 1, 'APARTAMENTO 102', 1),
(3, 1, 1, 1, 1, 'APARTAMENTO 103', 1),
(4, 1, 1, 1, 1, 'APARTAMENTO 104', 1),
(5, 1, 1, 1, 1, 'APARTAMENTO 201', 0),
(6, 1, 1, 1, 1, 'APARTAMENTO 202', 0),
(7, 1, 1, 1, 1, 'APARTAMENTO 203', 0),
(8, 1, 1, 1, 1, 'APARTAMENTO 204', 0),
(9, 1, 1, 1, 1, 'APARTAMENTO 301', 0),
(10, 1, 1, 1, 1, 'APARTAMENTO 302', 0),
(11, 1, 1, 1, 1, 'APARTAMENTO 303', 0),
(12, 1, 1, 1, 1, 'APARTAMENTO 304', 0),
(13, 1, 1, 1, 1, 'APARTAMENTO 401', 0),
(14, 1, 1, 1, 1, 'APARTAMENTO 402', 0),
(15, 1, 1, 1, 1, 'APARTAMENTO 403', 0),
(16, 1, 1, 1, 1, 'APARTAMENTO 404', 0),
(17, 2, 1, 1, 1, 'APARTAMENTO 101', 1),
(18, 2, 1, 1, 1, 'APARTAMENTO 102', 1),
(19, 2, 1, 1, 1, 'APARTAMENTO 103', 1),
(20, 2, 1, 1, 1, 'APARTAMENTO 104', 1),
(21, 2, 1, 1, 1, 'APARTAMENTO 201', 0),
(22, 2, 1, 1, 1, 'APARTAMENTO 202', 0),
(23, 2, 1, 1, 1, 'APARTAMENTO 203', 0),
(24, 2, 1, 1, 1, 'APARTAMENTO 204', 0),
(25, 2, 1, 1, 1, 'APARTAMENTO 301', 0),
(26, 2, 1, 1, 1, 'APARTAMENTO 302', 0),
(27, 2, 1, 1, 1, 'APARTAMENTO 303', 0),
(28, 2, 1, 1, 1, 'APARTAMENTO 304', 0),
(29, 2, 1, 1, 1, 'APARTAMENTO 401', 0),
(30, 2, 1, 1, 1, 'APARTAMENTO 402', 0),
(31, 2, 1, 1, 1, 'APARTAMENTO 403', 0),
(32, 2, 1, 1, 1, 'APARTAMENTO 404', 0),
(33, 3, 1, 1, 1, 'APARTAMENTO 101', 1),
(34, 3, 1, 1, 1, 'APARTAMENTO 102', 1),
(35, 3, 1, 1, 1, 'APARTAMENTO 103', 1),
(36, 3, 1, 1, 1, 'APARTAMENTO 104', 1),
(37, 3, 1, 1, 1, 'APARTAMENTO 201', 0),
(38, 3, 1, 1, 1, 'APARTAMENTO 202', 0),
(39, 3, 1, 1, 1, 'APARTAMENTO 203', 0),
(40, 3, 1, 1, 1, 'APARTAMENTO 204', 0),
(41, 3, 1, 1, 1, 'APARTAMENTO 301', 0),
(42, 3, 1, 1, 1, 'APARTAMENTO 302', 0),
(43, 3, 1, 1, 1, 'APARTAMENTO 303', 0),
(44, 3, 1, 1, 1, 'APARTAMENTO 304', 0),
(45, 3, 1, 1, 1, 'APARTAMENTO 401', 0),
(46, 3, 1, 1, 1, 'APARTAMENTO 402', 0),
(47, 3, 1, 1, 1, 'APARTAMENTO 403', 0),
(48, 3, 1, 1, 1, 'APARTAMENTO 404', 0),
(49, 4, 1, 1, 1, 'APARTAMENTO 101', 1),
(50, 4, 1, 1, 1, 'APARTAMENTO 102', 1),
(51, 4, 1, 1, 1, 'APARTAMENTO 103', 1),
(52, 4, 1, 1, 1, 'APARTAMENTO 104', 1),
(53, 4, 1, 1, 1, 'APARTAMENTO 201', 0),
(54, 4, 1, 1, 1, 'APARTAMENTO 202', 0),
(55, 4, 1, 1, 1, 'APARTAMENTO 203', 0),
(56, 4, 1, 1, 1, 'APARTAMENTO 204', 0),
(57, 4, 1, 1, 1, 'APARTAMENTO 301', 0),
(58, 4, 1, 1, 1, 'APARTAMENTO 302', 0),
(59, 4, 1, 1, 1, 'APARTAMENTO 303', 0),
(60, 4, 1, 1, 1, 'APARTAMENTO 304', 0),
(61, 4, 1, 1, 1, 'APARTAMENTO 401', 0),
(62, 4, 1, 1, 1, 'APARTAMENTO 402', 0),
(63, 4, 1, 1, 1, 'APARTAMENTO 403', 0),
(64, 4, 1, 1, 1, 'APARTAMENTO 404', 0),
(65, 5, 1, 1, 1, 'APARTAMENTO 101', 1),
(66, 5, 1, 1, 1, 'APARTAMENTO 102', 1),
(67, 5, 1, 1, 1, 'APARTAMENTO 103', 1),
(68, 5, 1, 1, 1, 'APARTAMENTO 104', 1),
(69, 5, 1, 1, 1, 'APARTAMENTO 201', 0),
(70, 5, 1, 1, 1, 'APARTAMENTO 202', 0),
(71, 5, 1, 1, 1, 'APARTAMENTO 203', 0),
(72, 5, 1, 1, 1, 'APARTAMENTO 204', 0),
(73, 5, 1, 1, 1, 'APARTAMENTO 301', 0),
(74, 5, 1, 1, 1, 'APARTAMENTO 302', 0),
(75, 5, 1, 1, 1, 'APARTAMENTO 303', 0),
(76, 5, 1, 1, 1, 'APARTAMENTO 304', 0),
(77, 5, 1, 1, 1, 'APARTAMENTO 401', 0),
(78, 5, 1, 1, 1, 'APARTAMENTO 402', 0),
(79, 5, 1, 1, 1, 'APARTAMENTO 403', 0),
(80, 5, 1, 1, 1, 'APARTAMENTO 404', 0),
(81, 6, 1, 1, 1, 'APARTAMENTO 101', 1),
(82, 6, 1, 1, 1, 'APARTAMENTO 102', 1),
(83, 6, 1, 1, 1, 'APARTAMENTO 103', 1),
(84, 6, 1, 1, 1, 'APARTAMENTO 104', 1),
(85, 6, 1, 1, 1, 'APARTAMENTO 201', 0),
(86, 6, 1, 1, 1, 'APARTAMENTO 202', 0),
(87, 6, 1, 1, 1, 'APARTAMENTO 203', 0),
(88, 6, 1, 1, 1, 'APARTAMENTO 204', 0),
(89, 6, 1, 1, 1, 'APARTAMENTO 301', 0),
(90, 6, 1, 1, 1, 'APARTAMENTO 302', 0),
(91, 6, 1, 1, 1, 'APARTAMENTO 303', 0),
(92, 6, 1, 1, 1, 'APARTAMENTO 304', 0),
(93, 6, 1, 1, 1, 'APARTAMENTO 401', 0),
(94, 6, 1, 1, 1, 'APARTAMENTO 402', 0),
(95, 6, 1, 1, 1, 'APARTAMENTO 403', 0),
(96, 6, 1, 1, 1, 'APARTAMENTO 404', 0),
(97, 7, 1, 1, 1, 'APARTAMENTO 101', 1),
(98, 7, 1, 1, 1, 'APARTAMENTO 102', 1),
(99, 7, 1, 1, 1, 'APARTAMENTO 103', 1),
(100, 7, 1, 1, 1, 'APARTAMENTO 104', 1),
(101, 7, 1, 1, 1, 'APARTAMENTO 201', 0),
(102, 7, 1, 1, 1, 'APARTAMENTO 202', 0),
(103, 7, 1, 1, 1, 'APARTAMENTO 203', 0),
(104, 7, 1, 1, 1, 'APARTAMENTO 204', 0),
(105, 7, 1, 1, 1, 'APARTAMENTO 301', 0),
(106, 7, 1, 1, 1, 'APARTAMENTO 302', 0),
(107, 7, 1, 1, 1, 'APARTAMENTO 303', 0),
(108, 7, 1, 1, 1, 'APARTAMENTO 304', 0),
(109, 7, 1, 1, 1, 'APARTAMENTO 401', 0),
(110, 7, 1, 1, 1, 'APARTAMENTO 402', 0),
(111, 7, 1, 1, 1, 'APARTAMENTO 403', 0),
(112, 7, 1, 1, 1, 'APARTAMENTO 404', 0),
(113, 8, 1, 1, 1, 'APARTAMENTO 101', 1),
(114, 8, 1, 1, 1, 'APARTAMENTO 102', 1),
(115, 8, 1, 1, 1, 'APARTAMENTO 103', 1),
(116, 8, 1, 1, 1, 'APARTAMENTO 104', 1),
(117, 8, 1, 1, 1, 'APARTAMENTO 201', 0),
(118, 8, 1, 1, 1, 'APARTAMENTO 202', 0),
(119, 8, 1, 1, 1, 'APARTAMENTO 203', 0),
(120, 8, 1, 1, 1, 'APARTAMENTO 204', 0),
(121, 8, 1, 1, 1, 'APARTAMENTO 301', 0),
(122, 8, 1, 1, 1, 'APARTAMENTO 302', 0),
(123, 8, 1, 1, 1, 'APARTAMENTO 303', 0),
(124, 8, 1, 1, 1, 'APARTAMENTO 304', 0),
(125, 8, 1, 1, 1, 'APARTAMENTO 401', 0),
(126, 8, 1, 1, 1, 'APARTAMENTO 402', 0),
(127, 8, 1, 1, 1, 'APARTAMENTO 403', 0),
(128, 8, 1, 1, 1, 'APARTAMENTO 404', 0),
(129, 9, 1, 1, 1, 'APARTAMENTO 101', 1),
(130, 9, 1, 1, 1, 'APARTAMENTO 102', 1),
(131, 9, 1, 1, 1, 'APARTAMENTO 103', 1),
(132, 9, 1, 1, 1, 'APARTAMENTO 104', 1),
(133, 9, 1, 1, 1, 'APARTAMENTO 201', 0),
(134, 9, 1, 1, 1, 'APARTAMENTO 202', 0),
(135, 9, 1, 1, 1, 'APARTAMENTO 203', 0),
(136, 9, 1, 1, 1, 'APARTAMENTO 204', 0),
(137, 9, 1, 1, 1, 'APARTAMENTO 301', 0),
(138, 9, 1, 1, 1, 'APARTAMENTO 302', 0),
(139, 9, 1, 1, 1, 'APARTAMENTO 303', 0),
(140, 9, 1, 1, 1, 'APARTAMENTO 304', 0),
(141, 9, 1, 1, 1, 'APARTAMENTO 401', 0),
(142, 9, 1, 1, 1, 'APARTAMENTO 402', 0),
(143, 9, 1, 1, 1, 'APARTAMENTO 403', 0),
(144, 9, 1, 1, 1, 'APARTAMENTO 404', 0),
(145, 10, 1, 1, 1, 'APARTAMENTO 101', 1),
(146, 10, 1, 1, 1, 'APARTAMENTO 102', 1),
(147, 10, 1, 1, 1, 'APARTAMENTO 103', 1),
(148, 10, 1, 1, 1, 'APARTAMENTO 104', 1),
(149, 10, 1, 1, 1, 'APARTAMENTO 201', 0),
(150, 10, 1, 1, 1, 'APARTAMENTO 202', 0),
(151, 10, 1, 1, 1, 'APARTAMENTO 203', 0),
(152, 10, 1, 1, 1, 'APARTAMENTO 204', 0),
(153, 10, 1, 1, 1, 'APARTAMENTO 301', 0),
(154, 10, 1, 1, 1, 'APARTAMENTO 302', 0),
(155, 10, 1, 1, 1, 'APARTAMENTO 303', 0),
(156, 10, 1, 1, 1, 'APARTAMENTO 304', 0),
(157, 10, 1, 1, 1, 'APARTAMENTO 401', 0),
(158, 10, 1, 1, 1, 'APARTAMENTO 402', 0),
(159, 10, 1, 1, 1, 'APARTAMENTO 403', 0),
(160, 10, 1, 1, 1, 'APARTAMENTO 404', 0),
(161, 11, 1, 1, 1, 'APARTAMENTO 101', 1),
(162, 11, 1, 1, 1, 'APARTAMENTO 102', 1),
(163, 11, 1, 1, 1, 'APARTAMENTO 103', 1),
(164, 11, 1, 1, 1, 'APARTAMENTO 104', 1),
(165, 11, 1, 1, 1, 'APARTAMENTO 201', 0),
(166, 11, 1, 1, 1, 'APARTAMENTO 202', 0),
(167, 11, 1, 1, 1, 'APARTAMENTO 203', 0),
(168, 11, 1, 1, 1, 'APARTAMENTO 204', 0),
(169, 11, 1, 1, 1, 'APARTAMENTO 301', 0),
(170, 11, 1, 1, 1, 'APARTAMENTO 302', 0),
(171, 11, 1, 1, 1, 'APARTAMENTO 303', 0),
(172, 11, 1, 1, 1, 'APARTAMENTO 304', 0),
(173, 11, 1, 1, 1, 'APARTAMENTO 401', 0),
(174, 11, 1, 1, 1, 'APARTAMENTO 402', 0),
(175, 11, 1, 1, 1, 'APARTAMENTO 403', 0),
(176, 11, 1, 1, 1, 'APARTAMENTO 404', 0),
(177, 12, 1, 1, 1, 'APARTAMENTO 101', 1),
(178, 12, 1, 1, 1, 'APARTAMENTO 102', 1),
(179, 12, 1, 1, 1, 'APARTAMENTO 103', 1),
(180, 12, 1, 1, 1, 'APARTAMENTO 104', 1),
(181, 12, 1, 1, 1, 'APARTAMENTO 201', 0),
(182, 12, 1, 1, 1, 'APARTAMENTO 202', 0),
(183, 12, 1, 1, 1, 'APARTAMENTO 203', 0),
(184, 12, 1, 1, 1, 'APARTAMENTO 204', 0),
(185, 12, 1, 1, 1, 'APARTAMENTO 301', 0),
(186, 12, 1, 1, 1, 'APARTAMENTO 302', 0),
(187, 12, 1, 1, 1, 'APARTAMENTO 303', 0),
(188, 12, 1, 1, 1, 'APARTAMENTO 304', 0),
(189, 12, 1, 1, 1, 'APARTAMENTO 401', 0),
(190, 12, 1, 1, 1, 'APARTAMENTO 402', 0),
(191, 12, 1, 1, 1, 'APARTAMENTO 403', 0),
(192, 12, 1, 1, 1, 'APARTAMENTO 404', 0),
(193, 13, 1, 1, 1, 'APARTAMENTO 101', 1),
(194, 13, 1, 1, 1, 'APARTAMENTO 102', 1),
(195, 13, 1, 1, 1, 'APARTAMENTO 103', 1),
(196, 13, 1, 1, 1, 'APARTAMENTO 104', 1),
(197, 13, 1, 1, 1, 'APARTAMENTO 201', 0),
(198, 13, 1, 1, 1, 'APARTAMENTO 202', 0),
(199, 13, 1, 1, 1, 'APARTAMENTO 203', 0),
(200, 13, 1, 1, 1, 'APARTAMENTO 204', 0),
(201, 13, 1, 1, 1, 'APARTAMENTO 301', 0),
(202, 13, 1, 1, 1, 'APARTAMENTO 302', 0),
(203, 13, 1, 1, 1, 'APARTAMENTO 303', 0),
(204, 13, 1, 1, 1, 'APARTAMENTO 304', 0),
(205, 13, 1, 1, 1, 'APARTAMENTO 401', 0),
(206, 13, 1, 1, 1, 'APARTAMENTO 402', 0),
(207, 13, 1, 1, 1, 'APARTAMENTO 403', 0),
(208, 13, 1, 1, 1, 'APARTAMENTO 404', 0),
(209, 14, 1, 1, 1, 'APARTAMENTO 101', 1),
(210, 14, 1, 1, 1, 'APARTAMENTO 102', 1),
(211, 14, 1, 1, 1, 'APARTAMENTO 103', 1),
(212, 14, 1, 1, 1, 'APARTAMENTO 104', 1),
(213, 14, 1, 1, 1, 'APARTAMENTO 201', 0),
(214, 14, 1, 1, 1, 'APARTAMENTO 202', 0),
(215, 14, 1, 1, 1, 'APARTAMENTO 203', 0),
(216, 14, 1, 1, 1, 'APARTAMENTO 204', 0),
(217, 14, 1, 1, 1, 'APARTAMENTO 301', 0),
(218, 14, 1, 1, 1, 'APARTAMENTO 302', 0),
(219, 14, 1, 1, 1, 'APARTAMENTO 303', 0),
(220, 14, 1, 1, 1, 'APARTAMENTO 304', 0),
(221, 14, 1, 1, 1, 'APARTAMENTO 401', 0),
(222, 14, 1, 1, 1, 'APARTAMENTO 402', 0),
(223, 14, 1, 1, 1, 'APARTAMENTO 403', 0),
(224, 14, 1, 1, 1, 'APARTAMENTO 404', 0),
(225, 15, 1, 1, 1, 'APARTAMENTO 101', 1),
(226, 15, 1, 1, 1, 'APARTAMENTO 102', 1),
(227, 15, 1, 1, 1, 'APARTAMENTO 103', 1),
(228, 15, 1, 1, 1, 'APARTAMENTO 104', 1),
(229, 15, 1, 1, 1, 'APARTAMENTO 201', 0),
(230, 15, 1, 1, 1, 'APARTAMENTO 202', 0),
(231, 15, 1, 1, 1, 'APARTAMENTO 203', 0),
(232, 15, 1, 1, 1, 'APARTAMENTO 204', 0),
(233, 15, 1, 1, 1, 'APARTAMENTO 301', 0),
(234, 15, 1, 1, 1, 'APARTAMENTO 302', 0),
(235, 15, 1, 1, 1, 'APARTAMENTO 303', 0),
(236, 15, 1, 1, 1, 'APARTAMENTO 304', 0),
(237, 15, 1, 1, 1, 'APARTAMENTO 401', 0),
(238, 15, 1, 1, 1, 'APARTAMENTO 402', 0),
(239, 15, 1, 1, 1, 'APARTAMENTO 403', 0),
(240, 15, 1, 1, 1, 'APARTAMENTO 404', 0),
(241, 16, 1, 1, 1, 'APARTAMENTO 101', 1),
(242, 16, 1, 1, 1, 'APARTAMENTO 102', 1),
(243, 16, 1, 1, 1, 'APARTAMENTO 103', 1),
(244, 16, 1, 1, 1, 'APARTAMENTO 104', 1),
(245, 16, 1, 1, 1, 'APARTAMENTO 201', 0),
(246, 16, 1, 1, 1, 'APARTAMENTO 202', 0),
(247, 16, 1, 1, 1, 'APARTAMENTO 203', 0),
(248, 16, 1, 1, 1, 'APARTAMENTO 204', 0),
(249, 16, 1, 1, 1, 'APARTAMENTO 301', 0),
(250, 16, 1, 1, 1, 'APARTAMENTO 302', 0),
(251, 16, 1, 1, 1, 'APARTAMENTO 303', 0),
(252, 16, 1, 1, 1, 'APARTAMENTO 304', 0),
(253, 16, 1, 1, 1, 'APARTAMENTO 401', 0),
(254, 16, 1, 1, 1, 'APARTAMENTO 402', 0),
(255, 16, 1, 1, 1, 'APARTAMENTO 403', 0),
(256, 16, 1, 1, 1, 'APARTAMENTO 404', 0),
(257, 17, 1, 1, 1, 'APARTAMENTO 101', 1),
(258, 17, 1, 1, 1, 'APARTAMENTO 102', 1),
(259, 17, 1, 1, 1, 'APARTAMENTO 103', 1),
(260, 17, 1, 1, 1, 'APARTAMENTO 104', 1),
(261, 17, 1, 1, 1, 'APARTAMENTO 201', 0),
(262, 17, 1, 1, 1, 'APARTAMENTO 202', 0),
(263, 17, 1, 1, 1, 'APARTAMENTO 203', 0),
(264, 17, 1, 1, 1, 'APARTAMENTO 204', 0),
(265, 17, 1, 1, 1, 'APARTAMENTO 301', 0),
(266, 17, 1, 1, 1, 'APARTAMENTO 302', 0),
(267, 17, 1, 1, 1, 'APARTAMENTO 303', 0),
(268, 17, 1, 1, 1, 'APARTAMENTO 304', 0),
(269, 17, 1, 1, 1, 'APARTAMENTO 401', 0),
(270, 17, 1, 1, 1, 'APARTAMENTO 402', 0),
(271, 17, 1, 1, 1, 'APARTAMENTO 403', 0),
(272, 17, 1, 1, 1, 'APARTAMENTO 404', 0),
(273, 18, 2, 1, 1, 'APARTAMENTO 101', 1),
(274, 18, 2, 1, 1, 'APARTAMENTO 102', 1),
(275, 18, 2, 1, 1, 'APARTAMENTO 103', 1),
(276, 18, 2, 1, 1, 'APARTAMENTO 104', 1),
(277, 18, 2, 1, 1, 'APARTAMENTO 201', 0),
(278, 18, 2, 1, 1, 'APARTAMENTO 202', 0),
(279, 18, 2, 1, 1, 'APARTAMENTO 203', 0),
(280, 18, 2, 1, 1, 'APARTAMENTO 204', 0),
(281, 18, 2, 1, 1, 'APARTAMENTO 301', 0),
(282, 18, 2, 1, 1, 'APARTAMENTO 302', 0),
(283, 18, 2, 1, 1, 'APARTAMENTO 303', 0),
(284, 18, 2, 1, 1, 'APARTAMENTO 304', 0),
(285, 18, 2, 1, 1, 'APARTAMENTO 401', 0),
(286, 18, 2, 1, 1, 'APARTAMENTO 402', 0),
(287, 18, 2, 1, 1, 'APARTAMENTO 403', 0),
(288, 18, 2, 1, 1, 'APARTAMENTO 404', 0),
(289, 19, 2, 1, 1, 'APARTAMENTO 101', 1),
(290, 19, 2, 1, 1, 'APARTAMENTO 102', 1),
(291, 19, 2, 1, 1, 'APARTAMENTO 103', 1),
(292, 19, 2, 1, 1, 'APARTAMENTO 104', 1),
(293, 19, 2, 1, 1, 'APARTAMENTO 201', 0),
(294, 19, 2, 1, 1, 'APARTAMENTO 202', 0),
(295, 19, 2, 1, 1, 'APARTAMENTO 203', 0),
(296, 19, 2, 1, 1, 'APARTAMENTO 204', 0),
(297, 19, 2, 1, 1, 'APARTAMENTO 301', 0),
(298, 19, 2, 1, 1, 'APARTAMENTO 302', 0),
(299, 19, 2, 1, 1, 'APARTAMENTO 303', 0),
(300, 19, 2, 1, 1, 'APARTAMENTO 304', 0),
(301, 19, 2, 1, 1, 'APARTAMENTO 401', 0),
(302, 19, 2, 1, 1, 'APARTAMENTO 402', 0),
(303, 19, 2, 1, 1, 'APARTAMENTO 403', 0),
(304, 19, 2, 1, 1, 'APARTAMENTO 404', 0),
(305, 20, 2, 1, 1, 'APARTAMENTO 101', 1),
(306, 20, 2, 1, 1, 'APARTAMENTO 102', 1),
(307, 20, 2, 1, 1, 'APARTAMENTO 103', 1),
(308, 20, 2, 1, 1, 'APARTAMENTO 104', 1),
(309, 20, 2, 1, 1, 'APARTAMENTO 201', 0),
(310, 20, 2, 1, 1, 'APARTAMENTO 202', 0),
(311, 20, 2, 1, 1, 'APARTAMENTO 203', 0),
(312, 20, 2, 1, 1, 'APARTAMENTO 204', 0),
(313, 20, 2, 1, 1, 'APARTAMENTO 301', 0),
(314, 20, 2, 1, 1, 'APARTAMENTO 302', 0),
(315, 20, 2, 1, 1, 'APARTAMENTO 303', 0),
(316, 20, 2, 1, 1, 'APARTAMENTO 304', 0),
(317, 20, 2, 1, 1, 'APARTAMENTO 401', 0),
(318, 20, 2, 1, 1, 'APARTAMENTO 402', 0),
(319, 20, 2, 1, 1, 'APARTAMENTO 403', 0),
(320, 20, 2, 1, 1, 'APARTAMENTO 404', 0),
(321, 21, 2, 1, 1, 'APARTAMENTO 101', 1),
(322, 21, 2, 1, 1, 'APARTAMENTO 102', 1),
(323, 21, 2, 1, 1, 'APARTAMENTO 103', 1),
(324, 21, 2, 1, 1, 'APARTAMENTO 104', 1),
(325, 21, 2, 1, 1, 'APARTAMENTO 201', 0),
(326, 21, 2, 1, 1, 'APARTAMENTO 202', 0),
(327, 21, 2, 1, 1, 'APARTAMENTO 203', 0),
(328, 21, 2, 1, 1, 'APARTAMENTO 204', 0),
(329, 21, 2, 1, 1, 'APARTAMENTO 301', 0),
(330, 21, 2, 1, 1, 'APARTAMENTO 302', 0),
(331, 21, 2, 1, 1, 'APARTAMENTO 303', 0),
(332, 21, 2, 1, 1, 'APARTAMENTO 304', 0),
(333, 21, 2, 1, 1, 'APARTAMENTO 401', 0),
(334, 21, 2, 1, 1, 'APARTAMENTO 402', 0),
(335, 21, 2, 1, 1, 'APARTAMENTO 403', 0),
(336, 21, 2, 1, 1, 'APARTAMENTO 404', 0),
(337, 22, 2, 1, 1, 'APARTAMENTO 101', 1),
(338, 22, 2, 1, 1, 'APARTAMENTO 102', 1),
(339, 22, 2, 1, 1, 'APARTAMENTO 103', 1),
(340, 22, 2, 1, 1, 'APARTAMENTO 104', 1),
(341, 22, 2, 1, 1, 'APARTAMENTO 201', 0),
(342, 22, 2, 1, 1, 'APARTAMENTO 202', 0),
(343, 22, 2, 1, 1, 'APARTAMENTO 203', 0),
(344, 22, 2, 1, 1, 'APARTAMENTO 204', 0),
(345, 22, 2, 1, 1, 'APARTAMENTO 301', 0),
(346, 22, 2, 1, 1, 'APARTAMENTO 302', 0),
(347, 22, 2, 1, 1, 'APARTAMENTO 303', 0),
(348, 22, 2, 1, 1, 'APARTAMENTO 304', 0),
(349, 22, 2, 1, 1, 'APARTAMENTO 401', 0),
(350, 22, 2, 1, 1, 'APARTAMENTO 402', 0),
(351, 22, 2, 1, 1, 'APARTAMENTO 403', 0),
(352, 22, 2, 1, 1, 'APARTAMENTO 404', 0),
(353, 23, 2, 1, 1, 'APARTAMENTO 101', 1),
(354, 23, 2, 1, 1, 'APARTAMENTO 102', 1),
(355, 23, 2, 1, 1, 'APARTAMENTO 103', 1),
(356, 23, 2, 1, 1, 'APARTAMENTO 104', 1),
(357, 23, 2, 1, 1, 'APARTAMENTO 201', 0),
(358, 23, 2, 1, 1, 'APARTAMENTO 202', 0),
(359, 23, 2, 1, 1, 'APARTAMENTO 203', 0),
(360, 23, 2, 1, 1, 'APARTAMENTO 204', 0),
(361, 23, 2, 1, 1, 'APARTAMENTO 301', 0),
(362, 23, 2, 1, 1, 'APARTAMENTO 302', 0),
(363, 23, 2, 1, 1, 'APARTAMENTO 303', 0),
(364, 23, 2, 1, 1, 'APARTAMENTO 304', 0),
(365, 23, 2, 1, 1, 'APARTAMENTO 401', 0),
(366, 23, 2, 1, 1, 'APARTAMENTO 402', 0),
(367, 23, 2, 1, 1, 'APARTAMENTO 403', 0),
(368, 23, 2, 1, 1, 'APARTAMENTO 404', 0),
(369, 24, 2, 1, 1, 'APARTAMENTO 101', 1),
(370, 24, 2, 1, 1, 'APARTAMENTO 102', 1),
(371, 24, 2, 1, 1, 'APARTAMENTO 103', 1),
(372, 24, 2, 1, 1, 'APARTAMENTO 104', 1),
(373, 24, 2, 1, 1, 'APARTAMENTO 201', 0),
(374, 24, 2, 1, 1, 'APARTAMENTO 202', 0),
(375, 24, 2, 1, 1, 'APARTAMENTO 203', 0),
(376, 24, 2, 1, 1, 'APARTAMENTO 204', 0),
(377, 24, 2, 1, 1, 'APARTAMENTO 301', 0),
(378, 24, 2, 1, 1, 'APARTAMENTO 302', 0),
(379, 24, 2, 1, 1, 'APARTAMENTO 303', 0),
(380, 24, 2, 1, 1, 'APARTAMENTO 304', 0),
(381, 24, 2, 1, 1, 'APARTAMENTO 401', 0),
(382, 24, 2, 1, 1, 'APARTAMENTO 402', 0),
(383, 24, 2, 1, 1, 'APARTAMENTO 403', 0),
(384, 24, 2, 1, 1, 'APARTAMENTO 404', 0),
(385, 25, 2, 1, 1, 'APARTAMENTO 101', 1),
(386, 25, 2, 1, 1, 'APARTAMENTO 102', 1),
(387, 25, 2, 1, 1, 'APARTAMENTO 103', 1),
(388, 25, 2, 1, 1, 'APARTAMENTO 104', 1),
(389, 25, 2, 1, 1, 'APARTAMENTO 201', 0),
(390, 25, 2, 1, 1, 'APARTAMENTO 202', 0),
(391, 25, 2, 1, 1, 'APARTAMENTO 203', 0),
(392, 25, 2, 1, 1, 'APARTAMENTO 204', 0),
(393, 25, 2, 1, 1, 'APARTAMENTO 301', 0),
(394, 25, 2, 1, 1, 'APARTAMENTO 302', 0),
(395, 25, 2, 1, 1, 'APARTAMENTO 303', 0),
(396, 25, 2, 1, 1, 'APARTAMENTO 304', 0),
(397, 25, 2, 1, 1, 'APARTAMENTO 401', 0),
(398, 25, 2, 1, 1, 'APARTAMENTO 402', 0),
(399, 25, 2, 1, 1, 'APARTAMENTO 403', 0),
(400, 25, 2, 1, 1, 'APARTAMENTO 404', 0),
(401, 26, 2, 1, 1, 'APARTAMENTO 101', 1),
(402, 26, 2, 1, 1, 'APARTAMENTO 102', 1),
(403, 26, 2, 1, 1, 'APARTAMENTO 103', 1),
(404, 26, 2, 1, 1, 'APARTAMENTO 104', 1),
(405, 26, 2, 1, 1, 'APARTAMENTO 201', 0),
(406, 26, 2, 1, 1, 'APARTAMENTO 202', 0),
(407, 26, 2, 1, 1, 'APARTAMENTO 203', 0),
(408, 26, 2, 1, 1, 'APARTAMENTO 204', 0),
(409, 26, 2, 1, 1, 'APARTAMENTO 301', 0),
(410, 26, 2, 1, 1, 'APARTAMENTO 302', 0),
(411, 26, 2, 1, 1, 'APARTAMENTO 303', 0),
(412, 26, 2, 1, 1, 'APARTAMENTO 304', 0),
(413, 26, 2, 1, 1, 'APARTAMENTO 401', 0),
(414, 26, 2, 1, 1, 'APARTAMENTO 402', 0),
(415, 26, 2, 1, 1, 'APARTAMENTO 403', 0),
(416, 26, 2, 1, 1, 'APARTAMENTO 404', 0),
(417, 27, 2, 1, 1, 'APARTAMENTO 101', 1),
(418, 27, 2, 1, 1, 'APARTAMENTO 102', 1),
(419, 27, 2, 1, 1, 'APARTAMENTO 103', 1),
(420, 27, 2, 1, 1, 'APARTAMENTO 104', 1),
(421, 27, 2, 1, 1, 'APARTAMENTO 201', 0),
(422, 27, 2, 1, 1, 'APARTAMENTO 202', 0),
(423, 27, 2, 1, 1, 'APARTAMENTO 203', 0),
(424, 27, 2, 1, 1, 'APARTAMENTO 204', 0),
(425, 27, 2, 1, 1, 'APARTAMENTO 301', 0),
(426, 27, 2, 1, 1, 'APARTAMENTO 302', 0),
(427, 27, 2, 1, 1, 'APARTAMENTO 303', 0),
(428, 27, 2, 1, 1, 'APARTAMENTO 304', 0),
(429, 27, 2, 1, 1, 'APARTAMENTO 401', 0),
(430, 27, 2, 1, 1, 'APARTAMENTO 402', 0),
(431, 27, 2, 1, 1, 'APARTAMENTO 403', 0),
(432, 27, 2, 1, 1, 'APARTAMENTO 404', 0),
(433, 28, 2, 1, 1, 'APARTAMENTO 101', 1),
(434, 28, 2, 1, 1, 'APARTAMENTO 102', 1),
(435, 28, 2, 1, 1, 'APARTAMENTO 103', 1),
(436, 28, 2, 1, 1, 'APARTAMENTO 104', 1),
(437, 28, 2, 1, 1, 'APARTAMENTO 201', 0),
(438, 28, 2, 1, 1, 'APARTAMENTO 202', 0),
(439, 28, 2, 1, 1, 'APARTAMENTO 203', 0),
(440, 28, 2, 1, 1, 'APARTAMENTO 204', 0),
(441, 28, 2, 1, 1, 'APARTAMENTO 301', 0),
(442, 28, 2, 1, 1, 'APARTAMENTO 302', 0),
(443, 28, 2, 1, 1, 'APARTAMENTO 303', 0),
(444, 28, 2, 1, 1, 'APARTAMENTO 304', 0),
(445, 28, 2, 1, 1, 'APARTAMENTO 401', 0),
(446, 28, 2, 1, 1, 'APARTAMENTO 402', 0),
(447, 28, 2, 1, 1, 'APARTAMENTO 403', 0),
(448, 28, 2, 1, 1, 'APARTAMENTO 404', 0),
(449, 29, 2, 1, 1, 'APARTAMENTO 101', 1),
(450, 29, 2, 1, 1, 'APARTAMENTO 102', 1),
(451, 29, 2, 1, 1, 'APARTAMENTO 103', 1),
(452, 29, 2, 1, 1, 'APARTAMENTO 104', 1),
(453, 29, 2, 1, 1, 'APARTAMENTO 201', 0),
(454, 29, 2, 1, 1, 'APARTAMENTO 202', 0),
(455, 29, 2, 1, 1, 'APARTAMENTO 203', 0),
(456, 29, 2, 1, 1, 'APARTAMENTO 204', 0),
(457, 29, 2, 1, 1, 'APARTAMENTO 301', 0),
(458, 29, 2, 1, 1, 'APARTAMENTO 302', 0),
(459, 29, 2, 1, 1, 'APARTAMENTO 303', 0),
(460, 29, 2, 1, 1, 'APARTAMENTO 304', 0),
(461, 29, 2, 1, 1, 'APARTAMENTO 401', 0),
(462, 29, 2, 1, 1, 'APARTAMENTO 402', 0),
(463, 29, 2, 1, 1, 'APARTAMENTO 403', 0),
(464, 29, 2, 1, 1, 'APARTAMENTO 404', 0),
(465, 30, 2, 1, 1, 'APARTAMENTO 101', 1),
(466, 30, 2, 1, 1, 'APARTAMENTO 102', 1),
(467, 30, 2, 1, 1, 'APARTAMENTO 103', 1),
(468, 30, 2, 1, 1, 'APARTAMENTO 104', 1),
(469, 30, 2, 1, 1, 'APARTAMENTO 201', 0),
(470, 30, 2, 1, 1, 'APARTAMENTO 202', 0),
(471, 30, 2, 1, 1, 'APARTAMENTO 203', 0),
(472, 30, 2, 1, 1, 'APARTAMENTO 204', 0),
(473, 30, 2, 1, 1, 'APARTAMENTO 301', 0),
(474, 30, 2, 1, 1, 'APARTAMENTO 302', 0),
(475, 30, 2, 1, 1, 'APARTAMENTO 303', 0),
(476, 30, 2, 1, 1, 'APARTAMENTO 304', 0),
(477, 30, 2, 1, 1, 'APARTAMENTO 401', 0),
(478, 30, 2, 1, 1, 'APARTAMENTO 402', 0),
(479, 30, 2, 1, 1, 'APARTAMENTO 403', 0),
(480, 30, 2, 1, 1, 'APARTAMENTO 404', 0),
(481, 31, 2, 1, 1, 'APARTAMENTO 101', 1),
(482, 31, 2, 1, 1, 'APARTAMENTO 102', 1),
(483, 31, 2, 1, 1, 'APARTAMENTO 103', 1),
(484, 31, 2, 1, 1, 'APARTAMENTO 104', 1),
(485, 31, 2, 1, 1, 'APARTAMENTO 201', 0),
(486, 31, 2, 1, 1, 'APARTAMENTO 202', 0),
(487, 31, 2, 1, 1, 'APARTAMENTO 203', 0),
(488, 31, 2, 1, 1, 'APARTAMENTO 204', 0),
(489, 31, 2, 1, 1, 'APARTAMENTO 301', 0),
(490, 31, 2, 1, 1, 'APARTAMENTO 302', 0),
(491, 31, 2, 1, 1, 'APARTAMENTO 303', 0),
(492, 31, 2, 1, 1, 'APARTAMENTO 304', 0),
(493, 31, 2, 1, 1, 'APARTAMENTO 401', 0),
(494, 31, 2, 1, 1, 'APARTAMENTO 402', 0),
(495, 31, 2, 1, 1, 'APARTAMENTO 403', 0),
(496, 31, 2, 1, 1, 'APARTAMENTO 404', 0),
(497, 32, 3, 1, 1, 'APARTAMENTO 101', 1),
(498, 32, 3, 1, 1, 'APARTAMENTO 102', 1),
(499, 32, 3, 1, 1, 'APARTAMENTO 103', 1),
(500, 32, 3, 1, 1, 'APARTAMENTO 104', 1),
(501, 32, 3, 1, 1, 'APARTAMENTO 201', 0),
(502, 32, 3, 1, 1, 'APARTAMENTO 202', 0),
(503, 32, 3, 1, 1, 'APARTAMENTO 203', 0),
(504, 32, 3, 1, 1, 'APARTAMENTO 204', 0),
(505, 32, 3, 1, 1, 'APARTAMENTO 301', 0),
(506, 32, 3, 1, 1, 'APARTAMENTO 302', 0),
(507, 32, 3, 1, 1, 'APARTAMENTO 303', 0),
(508, 32, 3, 1, 1, 'APARTAMENTO 304', 0),
(509, 32, 3, 1, 1, 'APARTAMENTO 401', 0),
(510, 32, 3, 1, 1, 'APARTAMENTO 402', 0),
(511, 32, 3, 1, 1, 'APARTAMENTO 403', 0),
(512, 32, 3, 1, 1, 'APARTAMENTO 404', 0),
(513, 33, 3, 1, 1, 'APARTAMENTO 101', 1),
(514, 33, 3, 1, 1, 'APARTAMENTO 102', 1),
(515, 33, 3, 1, 1, 'APARTAMENTO 103', 1),
(516, 33, 3, 1, 1, 'APARTAMENTO 104', 1),
(517, 33, 3, 1, 1, 'APARTAMENTO 201', 0),
(518, 33, 3, 1, 1, 'APARTAMENTO 202', 0),
(519, 33, 3, 1, 1, 'APARTAMENTO 203', 0),
(520, 33, 3, 1, 1, 'APARTAMENTO 204', 0),
(521, 33, 3, 1, 1, 'APARTAMENTO 301', 0),
(522, 33, 3, 1, 1, 'APARTAMENTO 302', 0),
(523, 33, 3, 1, 1, 'APARTAMENTO 303', 0),
(524, 33, 3, 1, 1, 'APARTAMENTO 304', 0),
(525, 33, 3, 1, 1, 'APARTAMENTO 401', 0),
(526, 33, 3, 1, 1, 'APARTAMENTO 402', 0),
(527, 33, 3, 1, 1, 'APARTAMENTO 403', 0),
(528, 33, 3, 1, 1, 'APARTAMENTO 404', 0),
(529, 34, 3, 1, 1, 'APARTAMENTO 101', 1),
(530, 34, 3, 1, 1, 'APARTAMENTO 102', 1),
(531, 34, 3, 1, 1, 'APARTAMENTO 103', 1),
(532, 34, 3, 1, 1, 'APARTAMENTO 104', 1),
(533, 34, 3, 1, 1, 'APARTAMENTO 201', 0),
(534, 34, 3, 1, 1, 'APARTAMENTO 202', 0),
(535, 34, 3, 1, 1, 'APARTAMENTO 203', 0),
(536, 34, 3, 1, 1, 'APARTAMENTO 204', 0),
(537, 34, 3, 1, 1, 'APARTAMENTO 301', 0),
(538, 34, 3, 1, 1, 'APARTAMENTO 302', 0),
(539, 34, 3, 1, 1, 'APARTAMENTO 303', 0),
(540, 34, 3, 1, 1, 'APARTAMENTO 304', 0),
(541, 34, 3, 1, 1, 'APARTAMENTO 401', 0),
(542, 34, 3, 1, 1, 'APARTAMENTO 402', 0),
(543, 34, 3, 1, 1, 'APARTAMENTO 403', 0),
(544, 34, 3, 1, 1, 'APARTAMENTO 404', 0),
(545, 35, 3, 1, 1, 'APARTAMENTO 101', 1),
(546, 35, 3, 1, 1, 'APARTAMENTO 102', 1),
(547, 35, 3, 1, 1, 'APARTAMENTO 103', 1),
(548, 35, 3, 1, 1, 'APARTAMENTO 104', 1),
(549, 35, 3, 1, 1, 'APARTAMENTO 201', 0),
(550, 35, 3, 1, 1, 'APARTAMENTO 202', 0),
(551, 35, 3, 1, 1, 'APARTAMENTO 203', 0),
(552, 35, 3, 1, 1, 'APARTAMENTO 204', 0),
(553, 35, 3, 1, 1, 'APARTAMENTO 301', 0),
(554, 35, 3, 1, 1, 'APARTAMENTO 302', 0),
(555, 35, 3, 1, 1, 'APARTAMENTO 303', 0),
(556, 35, 3, 1, 1, 'APARTAMENTO 304', 0),
(557, 35, 3, 1, 1, 'APARTAMENTO 401', 0),
(558, 35, 3, 1, 1, 'APARTAMENTO 402', 0),
(559, 35, 3, 1, 1, 'APARTAMENTO 403', 0),
(560, 35, 3, 1, 1, 'APARTAMENTO 404', 0),
(561, 36, 3, 1, 1, 'APARTAMENTO 101', 1),
(562, 36, 3, 1, 1, 'APARTAMENTO 102', 1),
(563, 36, 3, 1, 1, 'APARTAMENTO 103', 1),
(564, 36, 3, 1, 1, 'APARTAMENTO 104', 1),
(565, 36, 3, 1, 1, 'APARTAMENTO 201', 0),
(566, 36, 3, 1, 1, 'APARTAMENTO 202', 0),
(567, 36, 3, 1, 1, 'APARTAMENTO 203', 0),
(568, 36, 3, 1, 1, 'APARTAMENTO 204', 0),
(569, 36, 3, 1, 1, 'APARTAMENTO 301', 0),
(570, 36, 3, 1, 1, 'APARTAMENTO 302', 0),
(571, 36, 3, 1, 1, 'APARTAMENTO 303', 0),
(572, 36, 3, 1, 1, 'APARTAMENTO 304', 0),
(573, 36, 3, 1, 1, 'APARTAMENTO 401', 0),
(574, 36, 3, 1, 1, 'APARTAMENTO 402', 0),
(575, 36, 3, 1, 1, 'APARTAMENTO 403', 0),
(576, 36, 3, 1, 1, 'APARTAMENTO 404', 0),
(577, 37, 3, 1, 1, 'APARTAMENTO 101', 1),
(578, 37, 3, 1, 1, 'APARTAMENTO 102', 1),
(579, 37, 3, 1, 1, 'APARTAMENTO 103', 1),
(580, 37, 3, 1, 1, 'APARTAMENTO 104', 1),
(581, 37, 3, 1, 1, 'APARTAMENTO 201', 0),
(582, 37, 3, 1, 1, 'APARTAMENTO 202', 0),
(583, 37, 3, 1, 1, 'APARTAMENTO 203', 0),
(584, 37, 3, 1, 1, 'APARTAMENTO 204', 0),
(585, 37, 3, 1, 1, 'APARTAMENTO 301', 0),
(586, 37, 3, 1, 1, 'APARTAMENTO 302', 0),
(587, 37, 3, 1, 1, 'APARTAMENTO 303', 0),
(588, 37, 3, 1, 1, 'APARTAMENTO 304', 0),
(589, 37, 3, 1, 1, 'APARTAMENTO 401', 0),
(590, 37, 3, 1, 1, 'APARTAMENTO 402', 0),
(591, 37, 3, 1, 1, 'APARTAMENTO 403', 0),
(592, 37, 3, 1, 1, 'APARTAMENTO 404', 0),
(593, 38, 3, 1, 1, 'APARTAMENTO 101', 1),
(594, 38, 3, 1, 1, 'APARTAMENTO 102', 1),
(595, 38, 3, 1, 1, 'APARTAMENTO 103', 1),
(596, 38, 3, 1, 1, 'APARTAMENTO 104', 1),
(597, 38, 3, 1, 1, 'APARTAMENTO 201', 0),
(598, 38, 3, 1, 1, 'APARTAMENTO 202', 0),
(599, 38, 3, 1, 1, 'APARTAMENTO 203', 0),
(600, 38, 3, 1, 1, 'APARTAMENTO 204', 0),
(601, 38, 3, 1, 1, 'APARTAMENTO 301', 0),
(602, 38, 3, 1, 1, 'APARTAMENTO 302', 0),
(603, 38, 3, 1, 1, 'APARTAMENTO 303', 0),
(604, 38, 3, 1, 1, 'APARTAMENTO 304', 0),
(605, 38, 3, 1, 1, 'APARTAMENTO 401', 0),
(606, 38, 3, 1, 1, 'APARTAMENTO 402', 0),
(607, 38, 3, 1, 1, 'APARTAMENTO 403', 0),
(608, 38, 3, 1, 1, 'APARTAMENTO 404', 0),
(609, 39, 3, 1, 1, 'APARTAMENTO 101', 1),
(610, 39, 3, 1, 1, 'APARTAMENTO 102', 1),
(611, 39, 3, 1, 1, 'APARTAMENTO 103', 1),
(612, 39, 3, 1, 1, 'APARTAMENTO 104', 1),
(613, 39, 3, 1, 1, 'APARTAMENTO 201', 0),
(614, 39, 3, 1, 1, 'APARTAMENTO 202', 0),
(615, 39, 3, 1, 1, 'APARTAMENTO 203', 0),
(616, 39, 3, 1, 1, 'APARTAMENTO 204', 0),
(617, 39, 3, 1, 1, 'APARTAMENTO 301', 0),
(618, 39, 3, 1, 1, 'APARTAMENTO 302', 0),
(619, 39, 3, 1, 1, 'APARTAMENTO 303', 0),
(620, 39, 3, 1, 1, 'APARTAMENTO 304', 0),
(621, 39, 3, 1, 1, 'APARTAMENTO 401', 0),
(622, 39, 3, 1, 1, 'APARTAMENTO 402', 0),
(623, 39, 3, 1, 1, 'APARTAMENTO 403', 0),
(624, 39, 3, 1, 1, 'APARTAMENTO 404', 0),
(625, 40, 3, 1, 1, 'APARTAMENTO 101', 1),
(626, 40, 3, 1, 1, 'APARTAMENTO 102', 1),
(627, 40, 3, 1, 1, 'APARTAMENTO 103', 1),
(628, 40, 3, 1, 1, 'APARTAMENTO 104', 1),
(629, 40, 3, 1, 1, 'APARTAMENTO 201', 0),
(630, 40, 3, 1, 1, 'APARTAMENTO 202', 0),
(631, 40, 3, 1, 1, 'APARTAMENTO 203', 0),
(632, 40, 3, 1, 1, 'APARTAMENTO 204', 0),
(633, 40, 3, 1, 1, 'APARTAMENTO 301', 0),
(634, 40, 3, 1, 1, 'APARTAMENTO 302', 0),
(635, 40, 3, 1, 1, 'APARTAMENTO 303', 0),
(636, 40, 3, 1, 1, 'APARTAMENTO 304', 0),
(637, 40, 3, 1, 1, 'APARTAMENTO 401', 0),
(638, 40, 3, 1, 1, 'APARTAMENTO 402', 0),
(639, 40, 3, 1, 1, 'APARTAMENTO 403', 0),
(640, 40, 3, 1, 1, 'APARTAMENTO 404', 0),
(641, 41, 3, 1, 1, 'APARTAMENTO 101', 1),
(642, 41, 3, 1, 1, 'APARTAMENTO 102', 1),
(643, 41, 3, 1, 1, 'APARTAMENTO 103', 1),
(644, 41, 3, 1, 1, 'APARTAMENTO 104', 1),
(645, 41, 3, 1, 1, 'APARTAMENTO 201', 0),
(646, 41, 3, 1, 1, 'APARTAMENTO 202', 0),
(647, 41, 3, 1, 1, 'APARTAMENTO 203', 0),
(648, 41, 3, 1, 1, 'APARTAMENTO 204', 0),
(649, 41, 3, 1, 1, 'APARTAMENTO 301', 0),
(650, 41, 3, 1, 1, 'APARTAMENTO 302', 0),
(651, 41, 3, 1, 1, 'APARTAMENTO 303', 0),
(652, 41, 3, 1, 1, 'APARTAMENTO 304', 0),
(653, 41, 3, 1, 1, 'APARTAMENTO 401', 0),
(654, 41, 3, 1, 1, 'APARTAMENTO 402', 0),
(655, 41, 3, 1, 1, 'APARTAMENTO 403', 0),
(656, 41, 3, 1, 1, 'APARTAMENTO 404', 0);

-- --------------------------------------------------------

--
-- Estrutura da tabela `beneficiarios`
--

CREATE TABLE `beneficiarios` (
  `id` int(11) NOT NULL,
  `nis` tinytext,
  `nome` tinytext,
  `cpf` tinytext,
  `idoso` tinytext,
  `pcd` tinytext,
  `reserva` tinytext,
  `grupo` tinytext,
  `posicao` int(11) DEFAULT NULL,
  `telefone` tinytext
) ENGINE=InnoDB DEFAULT CHARSET=utf8;

--
-- Extraindo dados da tabela `beneficiarios`
--

INSERT INTO `beneficiarios` (`id`, `nis`, `nome`, `cpf`, `idoso`, `pcd`, `reserva`, `grupo`, `posicao`, `telefone`) VALUES
(1, NULL, 'ADALIA NOGUEIRA DE CASTRO', '815.815.643-68', 'NÃO', 'NÃO', NULL, '1,0', NULL, NULL),
(2, NULL, 'ADELAIDE BENTO LIMA', '017.866.483-93', 'NÃO', 'NÃO', NULL, '1,0', NULL, NULL),
(3, NULL, 'ADRIANA MENDES RODRIGUES', '060.330.173-82', 'NÃO', 'NÃO', NULL, '1,0', NULL, NULL),
(4, NULL, 'ADRIANA OLIVEIRA FARIAS', '005.861.733-74', 'NÃO', 'NÃO', NULL, '1,0', NULL, NULL),
(5, NULL, 'ADRIANA PINTO', '900.801.573-00', 'NÃO', 'NÃO', NULL, '1,0', NULL, NULL),
(6, NULL, 'ADRIANA SANTOS BEZERRA', '600.829.393-22', 'NÃO', 'NÃO', NULL, '1,0', NULL, NULL),
(7, NULL, 'AGAMENON CORREIA GARCEZ', '324.653.273-72', 'NÃO', 'SIM', NULL, 'PCD', NULL, NULL),
(8, NULL, 'ALDAGIZA DE SOUZA ANDRADE', '154.723.103-34', 'SIM', 'NÃO', NULL, 'IDOSO', NULL, NULL),
(9, NULL, 'ALDENIRA QUEROZ COELHO', '831.798.793-00', 'NÃO', 'NÃO', NULL, '1,0', NULL, NULL),
(10, NULL, 'ALESANDRA SILVA ARAUJO DO NASCIMENTO', '657.167.603-68', 'NÃO', 'NÃO', NULL, '1,0', NULL, NULL),
(11, NULL, 'ALEXANDRA MARIA DE SOUSA OLIVEIRA', '062.602.233-90', 'NÃO', 'NÃO', NULL, '1,0', NULL, NULL),
(12, NULL, 'ALEXANDRA SOUZA FONTENELE', '445.707.753-49', 'NÃO', 'SIM', NULL, 'PCD', NULL, NULL),
(13, NULL, 'ALEXSANDRA DA SILVA BENIGNO', '621.335.113-26', 'NÃO', 'NÃO', NULL, '1,0', NULL, NULL),
(14, NULL, 'ALINE ARAUJO DE MEDEIROS', '049.704.633-44', 'NÃO', 'NÃO', NULL, '1,0', NULL, NULL),
(15, NULL, 'ALINE MACIEL', '671.662.613-15', 'NÃO', 'NÃO', NULL, '1,0', NULL, NULL),
(16, NULL, 'ALINE MARIA NOGUEIRA DE CASTRO', '712.688.203-34', 'NÃO', 'NÃO', NULL, '1,0', NULL, NULL),
(17, NULL, 'ALINE SENA COSTA', '021.557.903-84', 'NÃO', 'NÃO', NULL, '1,0', NULL, NULL),
(18, NULL, 'AMANDA EMILIANO LIMA', '083.077.993-09', 'NÃO', 'NÃO', NULL, '1,0', NULL, NULL),
(19, NULL, 'ANA BEATRIZ DA SILVA ALVES', '033.064.153-08', 'NÃO', 'NÃO', NULL, '1,0', NULL, NULL),
(20, NULL, 'ANA BERNADETE DA SILVA', '290.544.918-76', 'SIM', 'SIM', NULL, 'PCD', NULL, NULL),
(21, NULL, 'ANA CASSIA ARAÚJO DA SILVA', '010.679.573-24', 'NÃO', 'NÃO', NULL, '1,0', NULL, NULL),
(22, NULL, 'ANA CLAUDIA BEZERRA DA SILVA', '691.997.523-87', 'NÃO', 'NÃO', NULL, '1,0', NULL, NULL),
(23, NULL, 'ANA CLAUDIA CHAGAS DE SOUZA', '051.842.613-03', 'NÃO', 'NÃO', NULL, '1,0', NULL, NULL),
(24, NULL, 'ANA FAÇANHA DA SILVA FERREIRA', '371.289.812-68', 'SIM', 'NÃO', NULL, 'IDOSO', NULL, NULL),
(25, NULL, 'ANA KARINE SILVA DE SOUSA', '646.620.473-15', 'NÃO', 'NÃO', NULL, '1,0', NULL, NULL),
(26, NULL, 'ANA KAROLINA RAULINO DA SILVA', '072.488.513-70', 'NÃO', 'NÃO', NULL, '1,0', NULL, NULL),
(27, NULL, 'ANA LIANE CAVALCANTE RIBEIRO', '592.402.885-20', 'NÃO', 'NÃO', NULL, '1,0', NULL, NULL),
(28, NULL, 'ANA LUCIA RODRIGUES DE OLIVEIRA', '025.409.903-39', 'NÃO', 'NÃO', NULL, '1,0', NULL, NULL),
(29, NULL, 'ANA LUIZA MEDEIROS MIRANDA', '028.492.587-09', 'NÃO', 'NÃO', NULL, '1,0', NULL, NULL),
(30, NULL, 'ANA MARIA DUARTE GOMES', '865.344.673-72', 'NÃO', 'SIM', NULL, 'PCD', NULL, NULL),
(31, NULL, 'ANA MARIA TEXEIRA DOS SANTOS', '682.840.983-34', 'NÃO', 'NÃO', NULL, '1,0', NULL, NULL),
(32, NULL, 'ANA PATRICIA APARECIDO', '039.332.403-60', 'NÃO', 'SIM', NULL, 'PCD', NULL, NULL),
(33, NULL, 'ANA PAULA DA SILVA BATISTA', '048.591.003-95', 'NÃO', 'NÃO', NULL, '1,0', NULL, NULL),
(34, NULL, 'ANA PAULA SANTOS', '707.574.883-15', 'NÃO', 'NÃO', NULL, '1,0', NULL, NULL),
(35, NULL, 'ANA PAULA TEIXEIRA COSTA', '618.991.863-87', 'NÃO', 'SIM', NULL, 'PCD', NULL, NULL),
(36, NULL, 'ANA RAíSSA LOPES DOS SANTOS', '072.807.093-62', 'NÃO', 'SIM', NULL, 'PCD', NULL, NULL),
(37, NULL, 'ANAALICE RIBEIRO VIEIRA', '993.212.113-49', 'NÃO', 'NÃO', NULL, '1,0', NULL, NULL),
(38, NULL, 'ANDERLAINE DOS SANTOS SOUZA', '044.721.773-90', 'NÃO', 'NÃO', NULL, '1,0', NULL, NULL),
(39, NULL, 'ANDERLANY DOS SANTOS SOUZA', '073.959.893-76', 'NÃO', 'NÃO', NULL, '1,0', NULL, NULL),
(40, NULL, 'ANDRE LUIZ BARROS DE SOUZA', '672.049.883-53', 'NÃO', 'SIM', NULL, 'PCD', NULL, NULL),
(41, NULL, 'ANDREIA DE CASTRO SOUSA', '772.606.513-34', 'NÃO', 'NÃO', NULL, '1,0', NULL, NULL),
(42, NULL, 'ANDRESSA SANTANA GOMES', '062.757.863-29', 'NÃO', 'NÃO', NULL, '1,0', NULL, NULL),
(43, NULL, 'ANDRESSA UCHOA PEREIRA', '075.806.773-93', 'NÃO', 'NÃO', NULL, '1,0', NULL, NULL),
(44, NULL, 'ANGELA BARBOSA DE SOUZA', '643.994.943-87', 'NÃO', 'NÃO', NULL, '1,0', NULL, NULL),
(45, NULL, 'ANNA FABIOLA CARDOSO NORONHA', '973.925.103-04', 'NÃO', 'NÃO', NULL, '1,0', NULL, NULL),
(46, NULL, 'ANTôNIA ADECIANE MACEDO', '011.848.553-90', 'NÃO', 'NÃO', NULL, '1,0', NULL, NULL),
(47, NULL, 'ANTONIA ANASTACIA ALVES DE SOUSA', '017.661.793-04', 'NÃO', 'NÃO', NULL, '1,0', NULL, NULL),
(48, NULL, 'ANTONIA DO DISTERRO LIMA RAMOS', '888.792.243-87', 'NÃO', 'NÃO', NULL, '1,0', NULL, NULL),
(49, NULL, 'ANTONIA EDENILDA OLIVEIRA DE ASSIS', '767.050.133-20', 'NÃO', 'NÃO', NULL, '1,0', NULL, NULL),
(50, NULL, 'ANTONIA FERNANDES MOURA', '461.643.913-34', 'SIM', 'NÃO', NULL, 'IDOSO', NULL, NULL),
(51, NULL, 'ANTONIA FRANCILEIDE ALVES DO NASCIMENTO', '748.005.233-20', 'NÃO', 'NÃO', NULL, '1,0', NULL, NULL),
(52, NULL, 'ANTONIA GLEICIANE SENA GOMES', '050.089.603-85', 'NÃO', 'NÃO', NULL, '1,0', NULL, NULL),
(53, NULL, 'ANTONIA IVONETE SALES SILVA SOUSA', '020.476.073-96', 'NÃO', 'SIM', NULL, 'PCD', NULL, NULL),
(54, NULL, 'ANTONIA JOSEMAYRE MOREIRA AMBROZIO', '823.581.173-15', 'NÃO', 'SIM', NULL, 'PCD', NULL, NULL),
(55, NULL, 'ANTONIA PEREIRA DA SILVA', '760.125.813-00', 'NÃO', 'NÃO', NULL, '1,0', NULL, NULL),
(56, NULL, 'ANTONIA SILVA BALBINO', '438.388.203-04', 'NÃO', 'SIM', NULL, 'PCD', NULL, NULL),
(57, NULL, 'ANTONIO FERREIRA DA SILVA', '357.034.663-34', 'NÃO', 'NÃO', NULL, '1,0', NULL, NULL),
(58, NULL, 'ANTONIO GOMES MACENA NETO', '325.527.183-53', 'NÃO', 'NÃO', NULL, '1,0', NULL, NULL),
(59, NULL, 'ANTONIO JEFFERSON FEITOSA SOUZA', '043.179.823-07', 'NÃO', 'NÃO', NULL, '1,0', NULL, NULL),
(60, NULL, 'ANTONIO JEFFERSON MOREIRA TORRES', '661.189.803-49', 'NÃO', 'NÃO', NULL, '1,0', NULL, NULL),
(61, NULL, 'ANTONIO MARCOS DA SILVA BARBOSA', '617.180.093-72', 'NÃO', 'NÃO', NULL, '1,0', NULL, NULL),
(62, NULL, 'ANTONIO MARIA FARIAS DA SILVA', '628.945.013-15', 'NÃO', 'NÃO', NULL, '1,0', NULL, NULL),
(63, NULL, 'ANTONIO QUEIROZ RUSSO JUNIOR', '367.898.103-82', 'NÃO', 'NÃO', NULL, '1,0', NULL, NULL),
(64, NULL, 'ANTONIO ROMãO DE SOUZA', '163.454.283-53', 'NÃO', 'NÃO', NULL, '1,0', NULL, NULL),
(65, NULL, 'ANTONIO ROSEVALDO GOMES SOUTO', '743.823.813-04', 'NÃO', 'NÃO', NULL, '1,0', NULL, NULL),
(66, NULL, 'ANUBE MESSIAS MOTA', '019.659.697-12', 'NÃO', 'NÃO', NULL, '1,0', NULL, NULL),
(67, NULL, 'APARECIDA DE FATIMA NICOLAU MARCOLINO', '170.426.608-46', 'NÃO', 'NÃO', NULL, '1,0', NULL, NULL),
(68, NULL, 'ARIANE FREITAS DELFINO', '606.077.533-07', 'NÃO', 'NÃO', NULL, '1,0', NULL, NULL),
(69, NULL, 'ARISLENE MARIA FERNANDES DOS SANTOS', '461.264.733-53', 'NÃO', 'NÃO', NULL, '1,0', NULL, NULL),
(70, NULL, 'ARISTEU SERAFIM DO MONTE', '164.010.263-91', 'SIM', 'SIM', NULL, 'PCD', NULL, NULL),
(71, NULL, 'ARIVANDO DA SILVA GOMES', '665.720.103-68', 'NÃO', 'NÃO', NULL, '1,0', NULL, NULL),
(72, NULL, 'ARLENE RODRIGUES ALVES', '784.485.063-91', 'NÃO', 'NÃO', NULL, '1,0', NULL, NULL),
(73, NULL, 'AUGUSTO CESAR MARTINS DOS SANTOS', '129.997.948-35', 'NÃO', 'NÃO', NULL, '1,0', NULL, NULL),
(74, NULL, 'AUREA DE SOUAS LEITAO', '512.569.243-34', 'NÃO', 'NÃO', NULL, '1,0', NULL, NULL),
(75, NULL, 'AURENICE ALBERTO DA SILVA', '004.734.903-40', 'NÃO', 'NÃO', NULL, '1,0', NULL, NULL),
(76, NULL, 'AURENIVA LEAL DOS SANTOS', '003.218.112-40', 'NÃO', 'NÃO', NULL, '1,0', NULL, NULL),
(77, NULL, 'BENEDITA CELIA DE VASCONCELOS', '788.140.813-87', 'NÃO', 'NÃO', NULL, '1,0', NULL, NULL),
(78, NULL, 'BENTO FERREIRA MELO', '717.357.043-34', 'SIM', 'SIM', NULL, 'PCD', NULL, NULL),
(79, NULL, 'BERNARDETE SIMPLICIO DE SOUSA', '739.128.163-87', 'NÃO', 'NÃO', NULL, '1,0', NULL, NULL),
(80, NULL, 'BRENA KERCIA DELFINO ALMEIDA', '600.228.753-10', 'NÃO', 'NÃO', NULL, '1,0', NULL, NULL),
(81, NULL, 'BRUNA DE JESUS OLIVEIRA', '079.589.153-90', 'NÃO', 'NÃO', NULL, '1,0', NULL, NULL),
(82, NULL, 'CAMILA FERREIRA GOMES', '604.555.253-90', 'NÃO', 'NÃO', NULL, '1,0', NULL, NULL),
(83, NULL, 'CARLA CIBELE DA SILVA', '067.678.323-67', 'NÃO', 'NÃO', NULL, '1,0', NULL, NULL),
(84, NULL, 'CARLIANICE DE OLIVEIRA SANTOS', '603.905.923-07', 'NÃO', 'NÃO', NULL, '1,0', NULL, NULL),
(85, NULL, 'CARMELIA DE ARAUJO SOUSA', '873.582.553-72', 'NÃO', 'NÃO', NULL, '1,0', NULL, NULL),
(86, NULL, 'CASSIANA BARBOSA DE MATOS', '049.420.113-45', 'NÃO', 'NÃO', NULL, '1,0', NULL, NULL),
(87, NULL, 'CHARLIANE SILVA TAVARES', '029.722.093-46', 'NÃO', 'NÃO', NULL, '1,0', NULL, NULL),
(88, NULL, 'CHARLYANA KEYLA FREIRE NOGUEIRA', '226.825.298-10', 'NÃO', 'NÃO', NULL, '1,0', NULL, NULL),
(89, NULL, 'CICERA DANIELLE DE SOUSA ALENCAR', '042.167.943-35', 'NÃO', 'NÃO', NULL, '1,0', NULL, NULL),
(90, NULL, 'CICERA MARIA ALBUQUERQUE JOVINO', '927.951.963-87', 'NÃO', 'NÃO', NULL, '1,0', NULL, NULL),
(91, NULL, 'CILENE PINTO GASPAR', '033.631.723-97', 'NÃO', 'NÃO', NULL, '1,0', NULL, NULL),
(92, NULL, 'CLAUDETE ALVES CELESTINO SILVA', '808.978.943-91', 'NÃO', 'NÃO', NULL, '1,0', NULL, NULL),
(93, NULL, 'CLAUDIA MARIA DE OLIVEIRA COSTA', '485.952.093-91', 'NÃO', 'NÃO', NULL, '1,0', NULL, NULL),
(94, NULL, 'CLAUDIANA ALVES CELESTINO', '600.398.663-86', 'NÃO', 'NÃO', NULL, '1,0', NULL, NULL),
(95, NULL, 'CLAUDIANA MIRANDA DE SOUSA', '006.552.963-44', 'NÃO', 'NÃO', NULL, '1,0', NULL, NULL),
(96, NULL, 'CLEANE DE SOUSA GOMES', '604.585.033-55', 'NÃO', 'NÃO', NULL, '1,0', NULL, NULL),
(97, NULL, 'CLEBER JOSE VIEIRA DO NASCIMENTO', '652.966.643-53', 'NÃO', 'NÃO', NULL, '1,0', NULL, NULL),
(98, NULL, 'CLEBIANA MOREIRA DA SILVA', '005.128.813-32', 'NÃO', 'NÃO', NULL, '1,0', NULL, NULL),
(99, NULL, 'CLECIANA BRITO FERREIRA', '747.673.643-53', 'NÃO', 'NÃO', NULL, '1,0', NULL, NULL),
(100, NULL, 'CLEDIA PEREIRA DA SILVA', '971.727.903-91', 'NÃO', 'NÃO', NULL, '1,0', NULL, NULL),
(101, NULL, 'CLEUDECIA DE FREITAS FONTENELE', '837.584.533-72', 'NÃO', 'NÃO', NULL, '1,0', NULL, NULL),
(102, NULL, 'CRISLAYNE KESSYA TEIXEIRA DO NASCIMENTO', '058.664.583-73', 'NÃO', 'NÃO', NULL, '1,0', NULL, NULL),
(103, NULL, 'CRISTIANE MARREIROS DOS SANTOS', '844.339.573-72', 'NÃO', 'SIM', NULL, 'PCD', NULL, NULL),
(104, NULL, 'CRISTIANE MENDES DE SOUZA COSTA', '018.963.023-00', 'NÃO', 'NÃO', NULL, '1,0', NULL, NULL),
(105, NULL, 'CRISTIANE SILVA MAIA', '640.127.943-53', 'NÃO', 'NÃO', NULL, '1,0', NULL, NULL),
(106, NULL, 'CRISTIANE SILVA TEIXEIRA', '638.848.953-20', 'NÃO', 'NÃO', NULL, '1,0', NULL, NULL),
(107, NULL, 'CRISTIANO BRIGIDO DO NASCIMENTO', '836.723.203-82', 'NÃO', 'NÃO', NULL, '1,0', NULL, NULL),
(108, NULL, 'DALILA PEREIRA DA SILVA', '811.706.533-91', 'NÃO', 'NÃO', NULL, '1,0', NULL, NULL),
(109, NULL, 'DAMAZIO CAVALCANTE DOS SANTOS', '878.782.323-34', 'NÃO', 'NÃO', NULL, '1,0', NULL, NULL),
(110, NULL, 'DANIELE PORTELA DOS SANTOS', '030.397.403-69', 'NÃO', 'NÃO', NULL, '1,0', NULL, NULL),
(111, NULL, 'DANIELE SILVA MOURA', '013.538.113-44', 'NÃO', 'NÃO', NULL, '1,0', NULL, NULL),
(112, NULL, 'DANIELLE PEREIRA DE SOUSA', '070.864.003-60', 'NÃO', 'NÃO', NULL, '1,0', NULL, NULL),
(113, NULL, 'DARCKSON LEVY OLIVEIRA FARIAS', '005.861.723-00', 'NÃO', 'NÃO', NULL, '1,0', NULL, NULL),
(114, NULL, 'DARLENE CRISTIANE CAVALCANTE SOARES', '734.470.483-87', 'NÃO', 'NÃO', NULL, '1,0', NULL, NULL),
(115, NULL, 'DARLIANA AUGUSTA DA SILVA CORREIA', '015.442.903-14', 'NÃO', 'NÃO', NULL, '1,0', NULL, NULL),
(116, NULL, 'DAVI PEREIRA DA SILVA', '021.238.643-31', 'NÃO', 'NÃO', NULL, '1,0', NULL, NULL),
(117, NULL, 'DEBORA CANDIDO LIMA', '640.503.783-53', 'NÃO', 'SIM', NULL, 'PCD', NULL, NULL),
(118, NULL, 'DEBORA DE SOUSA BRITO SILVA', '045.765.923-86', 'NÃO', 'NÃO', NULL, '1,0', NULL, NULL),
(119, NULL, 'DEBORA MARIA ASSUNÇAO GADELHA', '058.959.063-46', 'NÃO', 'NÃO', NULL, '1,0', NULL, NULL),
(120, NULL, 'DEBORAH HELEN SOUZA DE MELO', '029.588.583-16', 'NÃO', 'SIM', NULL, 'PCD', NULL, NULL),
(121, NULL, 'DEINE BARBOSA DE ALMEIDA', '505.974.263-68', 'NÃO', 'NÃO', NULL, '1,0', NULL, NULL),
(122, NULL, 'DEISEANE LIMA OLIVEIRA', '609.865.393-33', 'NÃO', 'NÃO', NULL, '1,0', NULL, NULL),
(123, NULL, 'DEUSIVANIA DE MOURA MOTA', '039.408.743-70', 'NÃO', 'SIM', NULL, 'PCD', NULL, NULL),
(124, NULL, 'DEVIANE RAMOS VIEIRA', '953.047.703-15', 'NÃO', 'NÃO', NULL, '1,0', NULL, NULL),
(125, NULL, 'DIANA VIEIRA MARTINS', '004.126.873-30', 'NÃO', 'NÃO', NULL, '1,0', NULL, NULL),
(126, NULL, 'DIONIA ORTENCIO CASTELO', '770.697.813-34', 'NÃO', 'NÃO', NULL, '1,0', NULL, NULL),
(127, NULL, 'DURCILENE DE OLIVEIRA SOUSA.', '801.213.903-06', 'NÃO', 'NÃO', NULL, '1,0', NULL, NULL),
(128, NULL, 'EDILANE BARBOSA DOS SANTOS', '040.607.043-18', 'NÃO', 'NÃO', NULL, '1,0', NULL, NULL),
(129, NULL, 'EDILENE DOS SANTOS DE MARIA', '002.879.923-22', 'NÃO', 'NÃO', NULL, '1,0', NULL, NULL),
(130, NULL, 'EDIVALDO GOMES CARDOSO', '447.698.654-49', 'NÃO', 'NÃO', NULL, '1,0', NULL, NULL),
(131, NULL, 'EDIVANIA DOS SANTOS LEMOS', '027.831.923-81', 'NÃO', 'NÃO', NULL, '1,0', NULL, NULL),
(132, NULL, 'EDNA DO VALE SILVA SOUZA', '542.978.693-49', 'NÃO', 'NÃO', NULL, '1,0', NULL, NULL),
(133, NULL, 'EDNA MARIA LUCAS DE SOUSA', '213.408.973-34', 'SIM', 'NÃO', NULL, 'IDOSO', NULL, NULL),
(134, NULL, 'EDSON SILVA LIMA', '025.700.593-58', 'NÃO', 'NÃO', NULL, '1,0', NULL, NULL),
(135, NULL, 'EDVANDRO PEREIRA DA SILVA', '004.049.433-06', 'NÃO', 'NÃO', NULL, '1,0', NULL, NULL),
(136, NULL, 'ELAINE CRISTIANE VITOR DE SENA', '051.860.423-31', 'NÃO', 'NÃO', NULL, '1,0', NULL, NULL),
(137, NULL, 'ELANIR BRITO DA SILVA', '957.736.493-49', 'NÃO', 'NÃO', NULL, '1,0', NULL, NULL),
(138, NULL, 'ELENIR DA SILVA HOLANDA', '015.644.003-28', 'NÃO', 'NÃO', NULL, '1,0', NULL, NULL),
(139, NULL, 'ELIANE BEZERRA DA SILVA', '164.171.943-53', 'NÃO', 'NÃO', NULL, '1,0', NULL, NULL),
(140, NULL, 'ELIANE LIRA DA SILVA', '027.549.653-86', 'NÃO', 'NÃO', NULL, '1,0', NULL, NULL),
(141, NULL, 'ELIANE MARTINS UCHOA', '012.151.373-46', 'NÃO', 'SIM', NULL, 'PCD', NULL, NULL),
(142, NULL, 'ELIENE RODRIGUES DE SOUSA', '067.858.223-86', 'NÃO', 'NÃO', NULL, '1,0', NULL, NULL),
(143, NULL, 'ELIESIO AGUIAR DE ARAGÃO', '259.439.603-68', 'NÃO', 'NÃO', NULL, '1,0', NULL, NULL),
(144, NULL, 'ELIEUDA CARVALHO MOREIRA', '744.385.493-53', 'NÃO', 'SIM', NULL, 'PCD', NULL, NULL),
(145, NULL, 'ELISABETE NOGUEIRA DE MELO', '009.068.383-80', 'NÃO', 'NÃO', NULL, '1,0', NULL, NULL),
(146, NULL, 'ELISANGELA DE CASSIA SOARES', '005.390.083-97', 'NÃO', 'NÃO', NULL, '1,0', NULL, NULL),
(147, NULL, 'ELISANGELA MORAIS AVELINO DA SILVA', '023.279.714-54', 'NÃO', 'NÃO', NULL, '1,0', NULL, NULL),
(148, NULL, 'ELISANGELA SANTOS', '012.652.053-45', 'NÃO', 'NÃO', NULL, '1,0', NULL, NULL),
(149, NULL, 'ELIZABETH KEISE SOUSA DE OLIVEIRA', '020.586.923-81', 'NÃO', 'NÃO', NULL, '1,0', NULL, NULL),
(150, NULL, 'ELIZAMAR ANDRADE FORTALEZA', '041.545.473-56', 'NÃO', 'NÃO', NULL, '1,0', NULL, NULL),
(151, NULL, 'ELIZANGELA SILVA DE SOUSA', '031.147.193-50', 'NÃO', 'NÃO', NULL, '1,0', NULL, NULL),
(152, NULL, 'ELIZIANE LOPES COSTA SILVA REIS', '044.272.433-04', 'NÃO', 'NÃO', NULL, '1,0', NULL, NULL),
(153, NULL, 'ELON POLICARPO FERREIRA', '036.690.693-30', 'NÃO', 'NÃO', NULL, '1,0', NULL, NULL),
(154, NULL, 'ELZA LOPES DA COSTA ANDRADE', '642.193.563-04', 'NÃO', 'NÃO', NULL, '1,0', NULL, NULL),
(155, NULL, 'ELZIANE COLARES FONTENELE FREITAS', '360.171.913-49', 'NÃO', 'NÃO', NULL, '1,0', NULL, NULL),
(156, NULL, 'ENADYLA SALES GIRAO', '631.676.893-15', 'NÃO', 'SIM', NULL, 'PCD', NULL, NULL),
(157, NULL, 'ERICA VALESCA ANDRADE DA COSTA', '018.766.973-26', 'NÃO', 'SIM', NULL, 'PCD', NULL, NULL),
(158, NULL, 'ERIKA DOS SANTOS OLIVEIRA', '028.265.463-17', 'NÃO', 'NÃO', NULL, '1,0', NULL, NULL),
(159, NULL, 'ERINALDA MARIA DE SOUSA', '073.200.033-50', 'NÃO', 'NÃO', NULL, '1,0', NULL, NULL),
(160, NULL, 'ERINEUDA DA CRUZ RODRIGUES', '739.215.643-87', 'NÃO', 'NÃO', NULL, '1,0', NULL, NULL),
(161, NULL, 'ERIVANDO DA SILVA NOGUEIRA', '753.438.783-34', 'NÃO', 'NÃO', NULL, '1,0', NULL, NULL),
(162, NULL, 'ESTENILDE RIBEIRO MORAES', '738.001.393-91', 'NÃO', 'NÃO', NULL, '1,0', NULL, NULL),
(163, NULL, 'EUDES ANTONIO FEIJAO BEZERRA', '123.194.733-00', 'SIM', 'SIM', NULL, 'PCD', NULL, NULL),
(164, NULL, 'EVELINE LIMA DA SILVA', '988.371.763-68', 'NÃO', 'NÃO', NULL, '1,0', NULL, NULL),
(165, NULL, 'FABIANA DE ARAUJO OLIVEIRA', '073.846.433-33', 'NÃO', 'NÃO', NULL, '1,0', NULL, NULL),
(166, NULL, 'FELIPE CAPISTANO DE ALMEIDA', '012.777.843-88', 'NÃO', 'NÃO', NULL, '1,0', NULL, NULL),
(167, NULL, 'FERNANDO ANTONIO CAVALCANTE DE VASCONCELOS', '296.588.703-25', 'NÃO', 'NÃO', NULL, '1,0', NULL, NULL),
(168, NULL, 'FLAVIANA DE SOUSA ALMEIDA', '635.947.653-34', 'NÃO', 'NÃO', NULL, '1,0', NULL, NULL),
(169, NULL, 'FLAVIANA RIBEIRO DE OLIVEIRA', '023.524.533-05', 'NÃO', 'NÃO', NULL, '1,0', NULL, NULL),
(170, NULL, 'FLAVIANO BEZERRA DANTAS', '419.969.843-49', 'NÃO', 'NÃO', NULL, '1,0', NULL, NULL),
(171, NULL, 'FRANCI CLAUDIA ROLIM DE FARIAS', '024.576.623-54', 'NÃO', 'NÃO', NULL, '1,0', NULL, NULL),
(172, NULL, 'FRANCISCA ADRIANA COSTA DE SOUZA', '603.355.553-81', 'NÃO', 'NÃO', NULL, '1,0', NULL, NULL),
(173, NULL, 'FRANCISCA ADRIANA DOS SANTOS', '758.553.483-34', 'NÃO', 'NÃO', NULL, '1,0', NULL, NULL),
(174, NULL, 'FRANCISCA ALEXANDRA BEZERRA NOGUEIRA', '872.987.083-68', 'NÃO', 'NÃO', NULL, '1,0', NULL, NULL),
(175, NULL, 'FRANCISCA ALVES DE ALMEIDA', '264.758.473-72', 'SIM', 'SIM', NULL, 'PCD', NULL, NULL),
(176, NULL, 'FRANCISCA CLAUDENE DA SILVA', '054.838.763-00', 'NÃO', 'NÃO', NULL, '1,0', NULL, NULL),
(177, NULL, 'FRANCISCA DANGELA DE OLIVEIRA', '662.996.403-91', 'NÃO', 'SIM', NULL, 'PCD', NULL, NULL),
(178, NULL, 'FRANCISCA DAS CHAGAS ARAUJO', '429.877.413-91', 'NÃO', 'NÃO', NULL, '1,0', NULL, NULL),
(179, NULL, 'FRANCISCA DAS CHAGAS ARAúJO', '711.845.383-87', 'NÃO', 'NÃO', NULL, '1,0', NULL, NULL),
(180, NULL, 'FRANCISCA DE ASSIS DA SILVA PEREIRA', '007.701.424-35', 'NÃO', 'NÃO', NULL, '1,0', NULL, NULL),
(181, NULL, 'FRANCISCA DELMA FERREIRA REBOUÇAS', '017.572.803-83', 'NÃO', 'NÃO', NULL, '1,0', NULL, NULL),
(182, NULL, 'FRANCISCA DELMIRA VIEIRA DO NASCIMENTO', '165.812.613-00', 'SIM', 'NÃO', NULL, 'IDOSO', NULL, NULL),
(183, NULL, 'FRANCISCA DOS REIS GOMES DE SOUZA', '016.489.603-16', 'NÃO', 'NÃO', NULL, '1,0', NULL, NULL),
(184, NULL, 'FRANCISCA EMANUELY SILVA FERREIRA', '005.384.613-30', 'NÃO', 'NÃO', NULL, '1,0', NULL, NULL),
(185, NULL, 'FRANCISCA FERREIRA LIMA', '509.558.453-00', 'NÃO', 'NÃO', NULL, '1,0', NULL, NULL),
(186, NULL, 'FRANCISCA FRANCILENE TEIXEIRA LIMA', '646.627.643-00', 'NÃO', 'NÃO', NULL, '1,0', NULL, NULL),
(187, NULL, 'FRANCISCA GEISIANE MOTA DE SOUSA', '042.167.233-14', 'NÃO', 'NÃO', NULL, '1,0', NULL, NULL),
(188, NULL, 'FRANCISCA HARLENILCE MAGALHAES MAIA', '983.344.763-53', 'NÃO', 'NÃO', NULL, '1,0', NULL, NULL),
(189, NULL, 'FRANCISCA HERLENE DE SOUSA OLIVEIRA', '556.377.363-91', 'NÃO', 'SIM', NULL, 'PCD', NULL, NULL),
(190, NULL, 'FRANCISCA KALINE FERREIRA DOS SANTOS', '672.672.203-63', 'NÃO', 'NÃO', NULL, '1,0', NULL, NULL),
(191, NULL, 'FRANCISCA LUANA MENDES DO CARMO', '042.931.673-90', 'NÃO', 'NÃO', NULL, '1,0', NULL, NULL),
(192, NULL, 'FRANCISCA LUCIANA FREITAS DAS CHAGAS ALVES', '027.529.183-99', 'NÃO', 'SIM', NULL, 'PCD', NULL, NULL),
(193, NULL, 'FRANCISCA MáRCIA RODRIGUES BEZERRA', '740.601.713-87', 'NÃO', 'NÃO', NULL, '1,0', NULL, NULL),
(194, NULL, 'FRANCISCA MARIA DE SOUZA BARROS', '704.371.733-72', 'SIM', 'SIM', NULL, 'PCD', NULL, NULL),
(195, NULL, 'FRANCISCA MARIA DOS SANTOS BARBOSA', '478.711.563-49', 'SIM', 'NÃO', NULL, 'IDOSO', NULL, NULL),
(196, NULL, 'FRANCISCA MARIA FERREIRA DOS SANTOS', '005.594.513-93', 'NÃO', 'NÃO', NULL, '1,0', NULL, NULL),
(197, NULL, 'FRANCISCA MARINA PIRES RODRIGUES', '055.885.153-31', 'NÃO', 'NÃO', NULL, '1,0', NULL, NULL),
(198, NULL, 'FRANCISCA MICHELI RIBEIRO', '052.740.583-37', 'NÃO', 'NÃO', NULL, '1,0', NULL, NULL),
(199, NULL, 'FRANCISCA MIKAELE BEZERRA PINTO', '031.746.983-59', 'NÃO', 'NÃO', NULL, '1,0', NULL, NULL),
(200, NULL, 'FRANCISCA NADIA TEIXEIRA DE CASTRO', '013.682.033-61', 'NÃO', 'NÃO', NULL, '1,0', NULL, NULL),
(201, NULL, 'FRANCISCA NAGILA DE MORAIS', '062.292.813-92', 'NÃO', 'SIM', NULL, 'PCD', NULL, NULL),
(202, NULL, 'FRANCISCA OLIVEIRA DE SOUSA', '121.581.943-91', 'SIM', 'NÃO', NULL, 'IDOSO', NULL, NULL),
(203, NULL, 'FRANCISCA PALOMA DA CONCEIÇAO OLIVEIRA', '609.686.963-76', 'NÃO', 'NÃO', NULL, '1,0', NULL, NULL),
(204, NULL, 'FRANCISCA REGIANE DA SILVA BARBOZA', '748.707.423-49', 'NÃO', 'NÃO', NULL, '1,0', NULL, NULL),
(205, NULL, 'FRANCISCA REJANIA NASCIMENTO', '041.493.973-50', 'NÃO', 'NÃO', NULL, '1,0', NULL, NULL),
(206, NULL, 'FRANCISCA RENATA DA SILVA', '605.373.313-01', 'NÃO', 'NÃO', NULL, '1,0', NULL, NULL),
(207, NULL, 'FRANCISCA RODRIGUES DA SILVA', '749.287.593-20', 'NÃO', 'NÃO', NULL, '1,0', NULL, NULL),
(208, NULL, 'FRANCISCA RONIDA SILVA DE SOUZA', '017.928.703-61', 'NÃO', 'NÃO', NULL, '1,0', NULL, NULL),
(209, NULL, 'FRANCISCA ROSIANE FREIRE FORTUNATO', '968.918.583-72', 'NÃO', 'NÃO', NULL, '1,0', NULL, NULL),
(210, NULL, 'FRANCISCA SAMARITANA DE FREITAS', '043.637.663-60', 'NÃO', 'NÃO', NULL, '1,0', NULL, NULL),
(211, NULL, 'FRANCISCA TELMA LOPES COSTA', '391.110.403-00', 'NÃO', 'NÃO', NULL, '1,0', NULL, NULL),
(212, NULL, 'FRANCISCA THALIA DA SILVA', '078.723.373-04', 'NÃO', 'NÃO', NULL, '1,0', NULL, NULL),
(213, NULL, 'FRANCISCO CARLOS NASCIMENTO DA SILVA JUNIOR', '740.665.443-04', 'NÃO', 'NÃO', NULL, '1,0', NULL, NULL),
(214, NULL, 'FRANCISCO CARLOS RODRIGUES EVANGELISTA', '930.532.663-34', 'NÃO', 'NÃO', NULL, '1,0', NULL, NULL),
(215, NULL, 'FRANCISCO DA SILVA FERNANDES', '619.642.043-72', 'NÃO', 'NÃO', NULL, '1,0', NULL, NULL),
(216, NULL, 'FRANCISCO ERIVAN DE LIMA VIEIRA', '673.292.923-20', 'NÃO', 'NÃO', NULL, '1,0', NULL, NULL),
(217, NULL, 'FRANCISCO GILCEZO DA SILVA', '623.643.693-20', 'NÃO', 'NÃO', NULL, '1,0', NULL, NULL),
(218, NULL, 'FRANCISCO GILDEMAR NOBRE SILVA', '555.413.213-87', 'NÃO', 'NÃO', NULL, '1,0', NULL, NULL),
(219, NULL, 'FRANCISCO HARNALDO SABINO DE OLIVEIRA', '013.037.718-02', 'NÃO', 'NÃO', NULL, '1,0', NULL, NULL),
(220, NULL, 'FRANCISCO IVAN ALVES MIRANDA', '312.138.803-78', 'NÃO', 'SIM', NULL, 'PCD', NULL, NULL),
(221, NULL, 'FRANCISCO JERMON DA SILVA OLIVEIRA', '974.373.363-91', 'NÃO', 'NÃO', NULL, '1,0', NULL, NULL),
(222, NULL, 'FRANCISCO KLEBER NASCIMENTO DUARTE', '008.392.683-60', 'NÃO', 'NÃO', NULL, '1,0', NULL, NULL),
(223, NULL, 'FRANCISCO LINA DE SOUZA', '777.224.423-15', 'NÃO', 'NÃO', NULL, '1,0', NULL, NULL),
(224, NULL, 'FRANCISCO LUCIANO DE MOURA LIMA JUNIOR', '044.017.593-38', 'NÃO', 'NÃO', NULL, '1,0', NULL, NULL),
(225, NULL, 'FRANCISCO PAULO RIBEIRO FILHO', '385.745.433-49', 'NÃO', 'NÃO', NULL, '1,0', NULL, NULL),
(226, NULL, 'FRANCISCO PEREIRA FILHO', '294.604.333-91', 'NÃO', 'SIM', NULL, 'PCD', NULL, NULL),
(227, NULL, 'FRANCISCO RENATO CAPISTRANO DE ALMEIDA', '642.528.173-15', 'NÃO', 'NÃO', NULL, '1,0', NULL, NULL),
(228, NULL, 'FRANCISCO TARCISIO BARROS FILHO', '012.751.163-61', 'NÃO', 'NÃO', NULL, '1,0', NULL, NULL),
(229, NULL, 'FRANCISCO VLADINIR DE ALBUQUERQUE', '233.424.553-49', 'NÃO', 'NÃO', NULL, '1,0', NULL, NULL),
(230, NULL, 'FRANCIVANIA PINTO GOUVEIA', '063.143.383-01', 'NÃO', 'SIM', NULL, 'PCD', NULL, NULL),
(231, NULL, 'GABRIELE ALVES DE SOUSA', '625.235.113-04', 'NÃO', 'SIM', NULL, 'PCD', NULL, NULL),
(232, NULL, 'GABRIELLE LUIZE SOARES DA SILVA JULIÃO', '037.208.563-64', 'NÃO', 'NÃO', NULL, '1,0', NULL, NULL),
(233, NULL, 'GABRYELLY DE ARAUJO ALENCAR', '045.865.853-74', 'NÃO', 'NÃO', NULL, '1,0', NULL, NULL),
(234, NULL, 'GEIZIELA MARIA DE LIMA DA SILVA', '042.552.453-12', 'NÃO', 'NÃO', NULL, '1,0', NULL, NULL),
(235, NULL, 'GERALDINA LOPES MARTINS', '408.488.923-72', 'NÃO', 'NÃO', NULL, '1,0', NULL, NULL),
(236, NULL, 'GERCINA VIEIRA SILVA', '389.461.903-10', 'SIM', 'NÃO', NULL, 'IDOSO', NULL, NULL),
(237, NULL, 'GERUSA DIAS DOS SANTOS', '006.990.157-07', 'NÃO', 'NÃO', NULL, '1,0', NULL, NULL),
(238, NULL, 'GEYSA RODRIGUES', '073.795.393-45', 'NÃO', 'NÃO', NULL, '1,0', NULL, NULL),
(239, NULL, 'GISELE MARINHO DUARTE', '600.329.433-77', 'NÃO', 'NÃO', NULL, '1,0', NULL, NULL),
(240, NULL, 'GLAUCIA CAVALCANTE SANTOS DA SILVA', '717.977.853-20', 'NÃO', 'NÃO', NULL, '1,0', NULL, NULL),
(241, NULL, 'HALINE CARLA PERES DA SILVA', '030.810.903-18', 'NÃO', 'NÃO', NULL, '1,0', NULL, NULL),
(242, NULL, 'HANSMICHELINE ROCHA CAVALCATE BATISTA', '041.083.473-40', 'NÃO', 'NÃO', NULL, '1,0', NULL, NULL),
(243, NULL, 'HELOISA MARIA MARTINS DA SILVA', '648.915.693-87', 'NÃO', 'NÃO', NULL, '1,0', NULL, NULL),
(244, NULL, 'HERDELENE HORRANA SANTOS DE SOUSA', '023.722.543-32', 'NÃO', 'NÃO', NULL, '1,0', NULL, NULL),
(245, NULL, 'HILDA MARIA VANDECIR MAIA', '628.947.903-25', 'NÃO', 'NÃO', NULL, '1,0', NULL, NULL),
(246, NULL, 'HOZANA QUELI DE FREITAS DA SILVA', '052.616.633-93', 'NÃO', 'NÃO', NULL, '1,0', NULL, NULL),
(247, NULL, 'IANNY LARA HOLANDA AZEVEDO', '055.509.433-28', 'NÃO', 'NÃO', NULL, '1,0', NULL, NULL),
(248, NULL, 'IARELANE COELHO DA SILVA', '032.904.493-19', 'NÃO', 'NÃO', NULL, '1,0', NULL, NULL),
(249, NULL, 'ILDA SOUSA DA PENHA', '384.507.983-53', 'SIM', 'NÃO', NULL, 'IDOSO', NULL, NULL),
(250, NULL, 'INêZ MARLENE ALVES DOS SANTOS', '020.072.843-16', 'NÃO', 'NÃO', NULL, '1,0', NULL, NULL),
(251, NULL, 'IRABENIA DA SILVA', '643.273.453-34', 'NÃO', 'NÃO', NULL, '1,0', NULL, NULL),
(252, NULL, 'IRAN SANTOS CARNEIRO', '036.153.233-43', 'NÃO', 'NÃO', NULL, '1,0', NULL, NULL),
(253, NULL, 'IRONE COSTA DA SILVA', '028.492.627-22', 'NÃO', 'NÃO', NULL, '1,0', NULL, NULL),
(254, NULL, 'ISABEL CRISTINA DOS SANTOS', '646.837.293-34', 'NÃO', 'NÃO', NULL, '1,0', NULL, NULL),
(255, NULL, 'ISABEL CRISTINA MONTEIRO DE SOUSA', '006.264.963-90', 'NÃO', 'NÃO', NULL, '1,0', NULL, NULL),
(256, NULL, 'ITHALO ALVES ADRIANO', '076.091.293-99', 'NÃO', 'NÃO', NULL, '1,0', NULL, NULL),
(257, NULL, 'IVANEIDE SILVA PINHEIRO', '735.593.003-63', 'NÃO', 'SIM', NULL, 'PCD', NULL, NULL),
(258, NULL, 'IVINA MARA PARENTE NUNES SAMPAIO', '652.609.103-20', 'NÃO', 'NÃO', NULL, '1,0', NULL, NULL),
(259, NULL, 'IVONILDA TABOSA MOREIRA DE SOUSA', '631.484.553-04', 'NÃO', 'NÃO', NULL, '1,0', NULL, NULL),
(260, NULL, 'JACQUELINE CÂMARA', '378.959.073-87', 'NÃO', 'NÃO', NULL, '1,0', NULL, NULL),
(261, NULL, 'JANAINA BARBOSA DA SILVA', '023.991.293-42', 'NÃO', 'NÃO', NULL, '1,0', NULL, NULL),
(262, NULL, 'JANAINA MACELINO', '636.117.833-15', 'NÃO', 'NÃO', NULL, '1,0', NULL, NULL),
(263, NULL, 'JANETE CLEMENTE DA SILVA', '667.566.183-34', 'NÃO', 'NÃO', NULL, '1,0', NULL, NULL),
(264, NULL, 'JAQUELINE DA SILVA', '259.376.003-63', 'NÃO', 'NÃO', NULL, '1,0', NULL, NULL),
(265, NULL, 'JEANE OLIVEIRA SILVA', '728.845.923-34', 'SIM', 'NÃO', NULL, 'IDOSO', NULL, NULL),
(266, NULL, 'JEFSOM BESERRA DE MIRANDA', '042.270.113-02', 'NÃO', 'NÃO', NULL, '1,0', NULL, NULL),
(267, NULL, 'JESSICA MENEZES DOS SANTOS', '603.830.163-12', 'NÃO', 'SIM', NULL, 'PCD', NULL, NULL),
(268, NULL, 'JIRLANE OLIVEIRA DA SILVA', '752.366.642-68', 'NÃO', 'NÃO', NULL, '1,0', NULL, NULL),
(269, NULL, 'JOãO CLEYDIR ALVES SILVA', '635.237.603-72', 'NÃO', 'NÃO', NULL, '1,0', NULL, NULL),
(270, NULL, 'JOAO PAULO BRITO DA SILVA', '052.565.973-02', 'NÃO', 'NÃO', NULL, '1,0', NULL, NULL),
(271, NULL, 'JOELIA CAMILLA DE SOUZA AGUIAR', '001.138.393-32', 'NÃO', 'SIM', NULL, 'PCD', NULL, NULL),
(272, NULL, 'JOICY DOS SANTOS CAETANO', '613.203.703-90', 'NÃO', 'SIM', NULL, 'PCD', NULL, NULL),
(273, NULL, 'JORDANIA GOMES FERREIRA', '975.137.843-53', 'NÃO', 'NÃO', NULL, '1,0', NULL, NULL),
(274, NULL, 'JORDANIO DA SILVA CORREIA', '045.163.023-81', 'NÃO', 'NÃO', NULL, '1,0', NULL, NULL),
(275, NULL, 'JOSÉ BARBOSA MOURA', '033.904.077-74', 'NÃO', 'NÃO', NULL, '1,0', NULL, NULL),
(276, NULL, 'JOSE BEIJAMIM DE FREITAS JUNIOR', '054.921.943-99', 'NÃO', 'NÃO', NULL, '1,0', NULL, NULL),
(277, NULL, 'JOSÉ EDILSON BATISTA', '358.571.293-20', 'SIM', 'SIM', NULL, 'PCD', NULL, NULL),
(278, NULL, 'JOSE GABRIEL SILVA DE ABREU', '607.846.653-46', 'NÃO', 'NÃO', NULL, '1,0', NULL, NULL),
(279, NULL, 'JOSE GILCLECIO DE SOUSA FREITAS', '049.432.743-07', 'NÃO', 'NÃO', NULL, '1,0', NULL, NULL),
(280, NULL, 'JOSE MACIGLEY DO NASCIMENTO', '817.697.173-15', 'NÃO', 'NÃO', NULL, '1,0', NULL, NULL),
(281, NULL, 'JOSE MARIA RODRIGUES', '544.326.003-06', 'SIM', 'SIM', NULL, 'PCD', NULL, NULL),
(282, NULL, 'JOSE MILTON SEVERINO RODRIGUES', '097.881.233-68', 'SIM', 'SIM', NULL, 'PCD', NULL, NULL),
(283, NULL, 'JOSÉ PAULO DE SOUSA MESQUITA', '038.204.533-50', 'NÃO', 'NÃO', NULL, '1,0', NULL, NULL),
(284, NULL, 'JOSÉ PINTO DE MESQUITA', '309.404.863-34', 'NÃO', 'NÃO', NULL, '1,0', NULL, NULL),
(285, NULL, 'JOSé RENE BATISTA LEITE', '618.248.603-15', 'NÃO', 'NÃO', NULL, '1,0', NULL, NULL),
(286, NULL, 'JOSÉ ROSEVALDO DE LIMA', '413.717.123-87', 'NÃO', 'NÃO', NULL, '1,0', NULL, NULL),
(287, NULL, 'JOSé VIANA DE ASSIS', '773.002.623-68', 'SIM', 'SIM', NULL, 'PCD', NULL, NULL),
(288, NULL, 'JOSÉ WILTON MOREIRA DA COSTA', '037.864.693-18', 'NÃO', 'NÃO', NULL, '1,0', NULL, NULL),
(289, NULL, 'JOSE WORLLEY SILVA DO NASCIMENTO', '968.890.553-49', 'NÃO', 'NÃO', NULL, '1,0', NULL, NULL),
(290, NULL, 'JOSENE LUCIO DE AZEVEDO', '537.735.784-15', 'NÃO', 'NÃO', NULL, '1,0', NULL, NULL),
(291, NULL, 'JOSENI SILVA DE FARIAS', '480.296.533-87', 'SIM', 'NÃO', NULL, 'IDOSO', NULL, NULL),
(292, NULL, 'JOSENIAS FERREIRA ANDRADE', '633.223.233-15', 'NÃO', 'NÃO', NULL, '1,0', NULL, NULL),
(293, NULL, 'JOSENIRA PACHECO SOARES', '665.993.503-72', 'NÃO', 'NÃO', NULL, '1,0', NULL, NULL),
(294, NULL, 'JOSIANE DA SILVA BATISTA', '052.514.663-66', 'NÃO', 'NÃO', NULL, '1,0', NULL, NULL),
(295, NULL, 'JOSINARIA FERREIRA MARQUES QUEIROZ', '057.392.443-07', 'NÃO', 'NÃO', NULL, '1,0', NULL, NULL),
(296, NULL, 'JULIANA DANTAS FREIRE', '003.924.613-23', 'NÃO', 'NÃO', NULL, '1,0', NULL, NULL),
(297, NULL, 'JULIANA DE ANDRADE RIBEIRO', '073.712.663-90', 'NÃO', 'NÃO', NULL, '1,0', NULL, NULL),
(298, NULL, 'JULIANA DE PAIVA AGUIAR', '023.800.953-02', 'NÃO', 'NÃO', NULL, '1,0', NULL, NULL),
(299, NULL, 'JULIANA RAMOS PEREIRA', '028.075.033-14', 'NÃO', 'SIM', NULL, 'PCD', NULL, NULL),
(300, NULL, 'JULIANA SOUSA GOMES', '654.117.733-34', 'NÃO', 'NÃO', NULL, '1,0', NULL, NULL),
(301, NULL, 'JULIETA DIAS DE HOLANDA', '461.338.443-53', 'NÃO', 'NÃO', NULL, '1,0', NULL, NULL),
(302, NULL, 'KANANDA HAYRA DE SOUZA BEZERRA', '036.719.013-30', 'NÃO', 'NÃO', NULL, '1,0', NULL, NULL),
(303, NULL, 'KARINA DA SILVA SANTOS', '012.828.283-55', 'NÃO', 'NÃO', NULL, '1,0', NULL, NULL),
(304, NULL, 'KARINE MORAIS GOMES', '053.247.113-06', 'NÃO', 'NÃO', NULL, '1,0', NULL, NULL),
(305, NULL, 'KARLA NAYARA MEDEIROS ALBUQUERQUE', '603.918.353-51', 'NÃO', 'NÃO', NULL, '1,0', NULL, NULL),
(306, NULL, 'KARLA THATIANE MAIA FARIAS', '029.586.873-25', 'NÃO', 'NÃO', NULL, '1,0', NULL, NULL),
(307, NULL, 'KATIUSCIA FREIRE DA SILVA DE LIMA', '866.212.383-04', 'NÃO', 'NÃO', NULL, '1,0', NULL, NULL),
(308, NULL, 'KELIANE BERNARDO DAMASCENO', '027.403.263-51', 'NÃO', 'NÃO', NULL, '1,0', NULL, NULL),
(309, NULL, 'KELIANE SOARES DE BRITO', '069.956.273-26', 'NÃO', 'NÃO', NULL, '1,0', NULL, NULL),
(310, NULL, 'KELLY DE BRITO BARBOSA', '645.512.963-68', 'NÃO', 'NÃO', NULL, '1,0', NULL, NULL),
(311, NULL, 'KELLY SULIANE SILVA DE SOUZA', '604.585.353-97', 'NÃO', 'NÃO', NULL, '1,0', NULL, NULL),
(312, NULL, 'KELMA VIEIRA SILVA', '974.182.003-82', 'NÃO', 'NÃO', NULL, '1,0', NULL, NULL),
(313, NULL, 'KILVIA MéRCIA ANDRADE DE ARAUJO', '317.242.238-01', 'NÃO', 'NÃO', NULL, '1,0', NULL, NULL),
(314, NULL, 'LADYANA CASSIANO COSTA', '003.759.473-70', 'NÃO', 'NÃO', NULL, '1,0', NULL, NULL),
(315, NULL, 'LANY MARTINS DE SOUSA', '506.109.533-20', 'NÃO', 'NÃO', NULL, '1,0', NULL, NULL),
(316, NULL, 'LARISSA KELLI ALVES DE SOUZA', '063.003.233-58', 'NÃO', 'NÃO', NULL, '1,0', NULL, NULL),
(317, NULL, 'LARISSA LORENA TAVARES REIS', '036.848.163-88', 'NÃO', 'NÃO', NULL, '1,0', NULL, NULL),
(318, NULL, 'LARISSA MENDES DOS SANTOS SOUZA', '617.739.613-57', 'NÃO', 'NÃO', NULL, '1,0', NULL, NULL),
(319, NULL, 'LAUDECI LIRA DA SILVA', '500.565.573-53', 'NÃO', 'NÃO', NULL, '1,0', NULL, NULL),
(320, NULL, 'LEANDRA SOUSA DA SILVA', '070.120.996-82', 'NÃO', 'NÃO', NULL, '1,0', NULL, NULL),
(321, NULL, 'LEANDRO BALBINO DAMASCENDO', '620.752.203-60', 'NÃO', 'NÃO', NULL, '1,0', NULL, NULL),
(322, NULL, 'LEIA MARIA LIMA SALES', '600.424.793-63', 'NÃO', 'SIM', NULL, 'PCD', NULL, NULL),
(323, NULL, 'LEILIANE MARIA DE OLIVEIRA', '003.967.653-60', 'NÃO', 'NÃO', NULL, '1,0', NULL, NULL),
(324, NULL, 'LEIRIANE DE OLIVEIRA PORTELA', '029.220.893-63', 'NÃO', 'NÃO', NULL, '1,0', NULL, NULL),
(325, NULL, 'LEOPOLDINA DE SOUSA', '555.593.283-91', 'NÃO', 'SIM', NULL, 'PCD', NULL, NULL),
(326, NULL, 'LEUDA REGINA SANTOS DA SILVA', '398.915.773-68', 'NÃO', 'NÃO', NULL, '1,0', NULL, NULL),
(327, NULL, 'LEYDIANE FREIRE DE CASTRO SANTOS', '046.994.213-42', 'NÃO', 'NÃO', NULL, '1,0', NULL, NULL),
(328, NULL, 'LIDIANE DA SILVA OLIVEIRA', '005.754.393-35', 'NÃO', 'NÃO', NULL, '1,0', NULL, NULL),
(329, NULL, 'LIDIANE MARIA DOS SANTOS', '031.130.453-20', 'NÃO', 'NÃO', NULL, '1,0', NULL, NULL),
(330, NULL, 'LIDIANE MEIRELES BRITO', '703.315.292-20', 'NÃO', 'NÃO', NULL, '1,0', NULL, NULL),
(331, NULL, 'LIDUINA TEIXEIRA DE SOUSA', '168.520.103-25', 'NÃO', 'NÃO', NULL, '1,0', NULL, NULL),
(332, NULL, 'LIDUINAMARIA ALVES LESSA', '662.934.053-15', 'NÃO', 'NÃO', NULL, '1,0', NULL, NULL),
(333, NULL, 'LILIAN PEREIRA DA SILVA', '078.486.483-70', 'NÃO', 'NÃO', NULL, '1,0', NULL, NULL),
(334, NULL, 'LILIANE DAMASCENO HONORATO', '634.378.133-15', 'NÃO', 'NÃO', NULL, '1,0', NULL, NULL),
(335, NULL, 'LILIANE DE JESUS AGUIAR', '040.764.263-39', 'NÃO', 'NÃO', NULL, '1,0', NULL, NULL),
(336, NULL, 'LIVIA MARIA TAVARES PEREIRA', '042.856.053-92', 'NÃO', 'NÃO', NULL, '1,0', NULL, NULL),
(337, NULL, 'LIVIANE DE SOUZA PEREIRA', '022.490.083-88', 'NÃO', 'NÃO', NULL, '1,0', NULL, NULL),
(338, NULL, 'LUAN MATHEUS SOARES DA SILVA', '605.979.933-78', 'NÃO', 'NÃO', NULL, '1,0', NULL, NULL),
(339, NULL, 'LUCELIA ACACIO GOMES', '999.758.153-91', 'NÃO', 'NÃO', NULL, '1,0', NULL, NULL),
(340, NULL, 'LUCELIA ARRUDA MARTINS PONTES', '072.102.983-39', 'NÃO', 'NÃO', NULL, '1,0', NULL, NULL),
(341, NULL, 'LUCIA FERREIRA LOPES', '031.532.003-60', 'NÃO', 'NÃO', NULL, '1,0', NULL, NULL),
(342, NULL, 'LUCIANA SARAIVA VASCONCELOS', '788.502.903-49', 'NÃO', 'NÃO', NULL, '1,0', NULL, NULL),
(343, NULL, 'LUCIANA VILANI RABELO LIMA', '035.577.983-80', 'NÃO', 'SIM', NULL, 'PCD', NULL, NULL),
(344, NULL, 'LUCIANE FERREIRA ANDRADE', '048.283.504-46', 'NÃO', 'NÃO', NULL, '1,0', NULL, NULL),
(345, NULL, 'LUCIENE FARIAS DE JESUS', '084.052.797-76', 'NÃO', 'NÃO', NULL, '1,0', NULL, NULL),
(346, NULL, 'LUCILDA ARAUJO DE PAULA', '617.570.393-68', 'NÃO', 'NÃO', NULL, '1,0', NULL, NULL),
(347, NULL, 'LUCILENE CAMILO DO NASCIMENTO', '025.575.734-42', 'NÃO', 'NÃO', NULL, '1,0', NULL, NULL),
(348, NULL, 'LUCILENE ONOFRE PEREIRA', '027.919.723-31', 'NÃO', 'SIM', NULL, 'PCD', NULL, NULL),
(349, NULL, 'LUCIMAR MOREIRA DE OLIVEIRA', '316.647.683-00', 'NÃO', 'NÃO', NULL, '1,0', NULL, NULL),
(350, NULL, 'LUCIMEIRE VIDAL DA SILVA', '008.229.533-66', 'NÃO', 'NÃO', NULL, '1,0', NULL, NULL),
(351, NULL, 'LUCIVALTER DE FRETAS VASCONCELOS', '017.522.323-80', 'NÃO', 'NÃO', NULL, '1,0', NULL, NULL),
(352, NULL, 'LUISA MARIA DE SOUSA', '005.191.303-83', 'NÃO', 'NÃO', NULL, '1,0', NULL, NULL),
(353, NULL, 'LUIZ AERI ROCHA FERREIRA', '614.620.983-04', 'NÃO', 'NÃO', NULL, '1,0', NULL, NULL),
(354, NULL, 'LUIZA HELENA DOS SANTOS E SILVA', '706.569.913-72', 'NÃO', 'NÃO', NULL, '1,0', NULL, NULL),
(355, NULL, 'LUZIA GERLANE FERNANDES LIMA', '013.609.863-08', 'NÃO', 'NÃO', NULL, '1,0', NULL, NULL),
(356, NULL, 'MACILENE CELESTINO DE SOUSA', '618.062.843-24', 'NÃO', 'NÃO', NULL, '1,0', NULL, NULL),
(357, NULL, 'MAGNA SOARES DA SILVA OLIVEIRA', '042.903.423-70', 'NÃO', 'NÃO', NULL, '1,0', NULL, NULL),
(358, NULL, 'MAIARA BARBOSA DE OLIVEIRA', '087.847.343-29', 'NÃO', 'NÃO', NULL, '1,0', NULL, NULL),
(359, NULL, 'MARCELA BARROS DE OLIVEIRA', '053.049.133-88', 'NÃO', 'NÃO', NULL, '1,0', NULL, NULL),
(360, NULL, 'MARCIA MARIA MONTEIRO COSTA', '664.604.253-53', 'NÃO', 'NÃO', NULL, '1,0', NULL, NULL),
(361, NULL, 'MARCIO MOURA BEZERRA', '007.884.203-48', 'NÃO', 'NÃO', NULL, '1,0', NULL, NULL),
(362, NULL, 'MARCLELIA LEITE DA SILVA', '037.982.013-74', 'NÃO', 'NÃO', NULL, '1,0', NULL, NULL),
(363, NULL, 'MARIA ADRIELLE ALVES LEITAO', '044.101.373-28', 'NÃO', 'NÃO', NULL, '1,0', NULL, NULL),
(364, NULL, 'MARIA ALRINEIDE ARAUJO DE MOURA', '951.258.503-06', 'NÃO', 'NÃO', NULL, '1,0', NULL, NULL),
(365, NULL, 'MARIA ANACARLA SILVEIRA VALENTIM', '615.916.283-77', 'NÃO', 'NÃO', NULL, '1,0', NULL, NULL),
(366, NULL, 'MARIA ANDRADE DOS SANTOS', '745.930.483-20', 'NÃO', 'NÃO', NULL, '1,0', NULL, NULL),
(367, NULL, 'MARIA ANGÉLICA BARBOSA DE OLIVEIRA', '752.823.053-72', 'NÃO', 'NÃO', NULL, '1,0', NULL, NULL),
(368, NULL, 'MARIA APARECIDA SANTOS PEREIRA', '603.753.923-51', 'NÃO', 'NÃO', NULL, '1,0', NULL, NULL),
(369, NULL, 'MARIA ARIANE CARNEIRO', '018.011.263-56', 'NÃO', 'NÃO', NULL, '1,0', NULL, NULL),
(370, NULL, 'MARIA ARLETE DE SOUSA DA SILVA', '631.345.783-87', 'NÃO', 'NÃO', NULL, '1,0', NULL, NULL),
(371, NULL, 'MARIA AUGUSTA SILVA', '693.914.913-91', 'SIM', 'NÃO', NULL, 'IDOSO', NULL, NULL),
(372, NULL, 'MARIA AURELúCIA COSTA ARAúJO', '063.775.853-65', 'NÃO', 'NÃO', NULL, '1,0', NULL, NULL),
(373, NULL, 'MARIA AURILENE DA SILVA MATOS', '012.593.633-84', 'NÃO', 'NÃO', NULL, '1,0', NULL, NULL),
(374, NULL, 'MARIA AVELINO VIEIRA', '733.034.293-91', 'NÃO', 'NÃO', NULL, '1,0', NULL, NULL),
(375, NULL, 'MARIA CARMELITA DA SILVA', '241.849.423-34', 'SIM', 'NÃO', NULL, 'IDOSO', NULL, NULL),
(376, NULL, 'MARIA CECíLIA SOARES DO NASCIMENTO', '012.049.493-01', 'NÃO', 'NÃO', NULL, '1,0', NULL, NULL),
(377, NULL, 'MARIA CELMA PINHEIRO PEIXOTO', '863.100.203-82', 'NÃO', 'NÃO', NULL, '1,0', NULL, NULL),
(378, NULL, 'MARIA CESIANA HOLANDA DA SILVA', '014.408.243-80', 'NÃO', 'NÃO', NULL, '1,0', NULL, NULL),
(379, NULL, 'MARIA CLEIDE DOS SANTOS DO CARMO', '617.226.693-49', 'NÃO', 'NÃO', NULL, '1,0', NULL, NULL),
(380, NULL, 'MARIA CLEONICE VIANA', '543.570.043-49', 'NÃO', 'NÃO', NULL, '1,0', NULL, NULL),
(381, NULL, 'MARIA CLEUMAR DE SOUZA', '852.993.673-68', 'NÃO', 'NÃO', NULL, '1,0', NULL, NULL),
(382, NULL, 'MARIA CRISEUDA ALVES DO NASCIMENTO', '635.799.523-15', 'NÃO', 'NÃO', NULL, '1,0', NULL, NULL),
(383, NULL, 'MARIA CRISONETE LIMA PAZ', '995.759.653-53', 'NÃO', 'SIM', NULL, 'PCD', NULL, NULL),
(384, NULL, 'MARIA CRISTIANE DA CONCEIÇÃO SILVA', '071.660.023-44', 'NÃO', 'SIM', NULL, 'PCD', NULL, NULL),
(385, NULL, 'MARIA DA CONCEICAO PEREIRA DA SILVA', '785.962.203-30', 'NÃO', 'NÃO', NULL, '1,0', NULL, NULL),
(386, NULL, 'MARIA DA CONCEIÇÃO RODRIGUES DE OLIVEIRA', '236.107.433-87', 'SIM', 'NÃO', NULL, 'IDOSO', NULL, NULL),
(387, NULL, 'MARIA DA GLORIA SILVA PINHEIRO', '025.981.003-79', 'NÃO', 'NÃO', NULL, '1,0', NULL, NULL),
(388, NULL, 'MARIA DA LUZ DE OLIVEIRA', '032.110.003-48', 'NÃO', 'NÃO', NULL, '1,0', NULL, NULL),
(389, NULL, 'MARIA DANIELE BONIFACIO', '024.249.873-60', 'NÃO', 'NÃO', NULL, '1,0', NULL, NULL),
(390, NULL, 'MARIA DARCY NASCIMENTO DOS SANTOS', '174.377.843-00', 'SIM', 'NÃO', NULL, 'IDOSO', NULL, NULL),
(391, NULL, 'MARIA DAS DORES DE ALMEIDA', '168.630.703-91', 'SIM', 'NÃO', NULL, 'IDOSO', NULL, NULL),
(392, NULL, 'MARIA DAS DORES DE BRITO', '233.405.333-34', 'SIM', 'NÃO', NULL, 'IDOSO', NULL, NULL),
(393, NULL, 'MARIA DAS DORES DE FREITAS', '556.203.023-34', 'SIM', 'NÃO', NULL, 'IDOSO', NULL, NULL),
(394, NULL, 'MARIA DAS DORES RODRIGUES DE SOUSA', '584.329.493-53', 'NÃO', 'NÃO', NULL, '1,0', NULL, NULL),
(395, NULL, 'MARIA DAS DORES SILVA CARVALHO', '039.354.043-01', 'NÃO', 'NÃO', NULL, '1,0', NULL, NULL),
(396, NULL, 'MARIA DAS GRAÇAS NUNES DOS SANTOS', '748.951.253-00', 'NÃO', 'NÃO', NULL, '1,0', NULL, NULL),
(397, NULL, 'MARIA DAS GRAçAS SILVA DE ARAUJO', '513.912.283-91', 'SIM', 'NÃO', NULL, 'IDOSO', NULL, NULL),
(398, NULL, 'MARIA DAS GRAçAS SOUSA DO NASCIMENTO', '416.083.803-00', 'NÃO', 'NÃO', NULL, '1,0', NULL, NULL),
(399, NULL, 'MARIA DE FATIMA ALVES RODRIGUES', '985.721.483-53', 'NÃO', 'NÃO', NULL, '1,0', NULL, NULL),
(400, NULL, 'MARIA DE FATIMA COSTA DE MOURA', '116.282.603-78', 'SIM', 'NÃO', NULL, 'IDOSO', NULL, NULL),
(401, NULL, 'MARIA DE FATIMA CUNHA SILVA', '262.558.633-87', 'NÃO', 'SIM', NULL, 'PCD', NULL, NULL),
(402, NULL, 'MARIA DE FATIMA DA SILVA SOUSA', '670.733.013-68', 'NÃO', 'NÃO', NULL, '1,0', NULL, NULL),
(403, NULL, 'MARIA DE FATIMA DO NASCIMENTO SALES', '445.410.233-34', 'SIM', 'NÃO', NULL, 'IDOSO', NULL, NULL),
(404, NULL, 'MARIA DE FATIMA GRACIANO FERREIRA DOS SANTOS', '061.401.834-05', 'NÃO', 'NÃO', NULL, '1,0', NULL, NULL),
(405, NULL, 'MARIA DE FATIMA SEVERINO MARTINS', '611.010.273-39', 'NÃO', 'NÃO', NULL, '1,0', NULL, NULL),
(406, NULL, 'MARIA DE JESUS CAVALCANTE DA CUNHA', '161.420.803-44', 'SIM', 'NÃO', NULL, 'IDOSO', NULL, NULL),
(407, NULL, 'MARIA DE JESUS FREITAS', '996.310.163-15', 'NÃO', 'NÃO', NULL, '1,0', NULL, NULL),
(408, NULL, 'MARIA DE JESUS TEOFILO CALIXTO', '367.492.813-20', 'NÃO', 'SIM', NULL, 'PCD', NULL, NULL),
(409, NULL, 'MARIA DE LOURDES LIMA ALVES', '069.558.513-49', 'SIM', 'NÃO', NULL, 'IDOSO', NULL, NULL),
(410, NULL, 'MARIA DE LOURDES TRAJANO ALVES', '006.359.623-73', 'NÃO', 'NÃO', NULL, '1,0', NULL, NULL),
(411, NULL, 'MARIA DE SAO PEDRO CHAVES', '040.399.943-02', 'NÃO', 'NÃO', NULL, '1,0', NULL, NULL),
(412, NULL, 'MARIA DELANI DA SILVA', '882.244.733-68', 'NÃO', 'NÃO', NULL, '1,0', NULL, NULL),
(413, NULL, 'MARIA DIANA ALBUQUERQUE PEREIRA', '601.233.583-02', 'NÃO', 'NÃO', NULL, '1,0', NULL, NULL),
(414, NULL, 'MARIA DILMA DIAS', '189.446.123-15', 'SIM', 'SIM', NULL, 'PCD', NULL, NULL),
(415, NULL, 'MARIA DO CARMO ALVES DE ALMEIDA', '013.633.423-71', 'NÃO', 'SIM', NULL, 'PCD', NULL, NULL),
(416, NULL, 'MARIA DO CARMO DE OLIVEIRA SILVA', '366.394.863-34', 'NÃO', 'SIM', NULL, 'PCD', NULL, NULL),
(417, NULL, 'MARIA DO CARMO FEITOSA', '074.376.413-72', 'SIM', 'NÃO', NULL, 'IDOSO', NULL, NULL),
(418, NULL, 'MARIA DO LIVRAMENTO DUARTE', '422.535.433-49', 'SIM', 'NÃO', NULL, 'IDOSO', NULL, NULL),
(419, NULL, 'MARIA DO SOCORO SOUZA DOS SANTOS', '018.333.443-40', 'NÃO', 'NÃO', NULL, '1,0', NULL, NULL),
(420, NULL, 'MARIA DO SOCORRO BERNARDO', '517.819.993-68', 'NÃO', 'SIM', NULL, 'PCD', NULL, NULL),
(421, NULL, 'MARIA DO SOCORRO BEZERRA DA CRUZ', '317.592.973-72', 'SIM', 'SIM', NULL, 'PCD', NULL, NULL),
(422, NULL, 'MARIA DO SOCORRO CAVALCANTE FEITOZA', '150.879.644-00', 'SIM', 'NÃO', NULL, 'IDOSO', NULL, NULL),
(423, NULL, 'MARIA DO SOCORRO DE SOUSA', '756.011.923-91', 'NÃO', 'NÃO', NULL, '1,0', NULL, NULL),
(424, NULL, 'MARIA DO SOCORRO FERREIRA ALVES DA SILVA', '295.627.913-00', 'NÃO', 'NÃO', NULL, '1,0', NULL, NULL),
(425, NULL, 'MARIA DO SOCORRO FILGUEIRAS ALVES', '709.565.703-30', 'NÃO', 'NÃO', NULL, '1,0', NULL, NULL),
(426, NULL, 'MARIA DO SOCORRO LINHARES SOARES', '461.766.243-04', 'SIM', 'NÃO', NULL, 'IDOSO', NULL, NULL),
(427, NULL, 'MARIA DO SOCORRO PEDRO DE SENA BASTOS SILVA', '385.505.983-72', 'NÃO', 'NÃO', NULL, '1,0', NULL, NULL),
(428, NULL, 'MARIA DO SOCORRO VIEIRA VIANA', '272.021.783-20', 'NÃO', 'NÃO', NULL, '1,0', NULL, NULL),
(429, NULL, 'MARIA EDINEUZA LOURENçO CAVALCANTE', '849.219.353-00', 'NÃO', 'SIM', NULL, 'PCD', NULL, NULL),
(430, NULL, 'MARIA ELENILZA DO CARMO SILVA', '569.502.683-00', 'SIM', 'SIM', NULL, 'PCD', NULL, NULL),
(431, NULL, 'MARIA ELIANA DE JESUS', '512.067.063-68', 'NÃO', 'NÃO', NULL, '1,0', NULL, NULL),
(432, NULL, 'MARIA ELIANE MOREIRA MACIEL', '605.503.613-40', 'NÃO', 'NÃO', NULL, '1,0', NULL, NULL),
(433, NULL, 'MARIA ELIETE DA SILVA', '030.592.173-86', 'NÃO', 'NÃO', NULL, '1,0', NULL, NULL),
(434, NULL, 'MARIA ELIETE DE SOUSA', '204.193.333-04', 'SIM', 'NÃO', NULL, 'IDOSO', NULL, NULL),
(435, NULL, 'MARIA ELIEUDA GUIMARÃES DE SOUZA', '463.682.303-63', 'NÃO', 'NÃO', NULL, '1,0', NULL, NULL),
(436, NULL, 'MARIA ELIZABETH DE FREITAS DAS CHAGAS', '028.924.063-82', 'NÃO', 'NÃO', NULL, '1,0', NULL, NULL),
(437, NULL, 'MARIA ERBILANEIDE LEMOS ARRUDA', '006.493.513-20', 'NÃO', 'SIM', NULL, 'PCD', NULL, NULL),
(438, NULL, 'MARIA ESTEVAO COELHO RODRIGUES', '324.106.203-10', 'SIM', 'NÃO', NULL, 'IDOSO', NULL, NULL),
(439, NULL, 'MARIA EURENICIA OLIVEIRA DE ASSIS', '009.212.823-89', 'NÃO', 'NÃO', NULL, '1,0', NULL, NULL),
(440, NULL, 'MARIA EVANEIDE DA CONCEIçãO', '698.386.233-34', 'NÃO', 'NÃO', NULL, '1,0', NULL, NULL),
(441, NULL, 'MARIA EVANEIDE SABOIA DA SILVA', '741.743.203-49', 'NÃO', 'SIM', NULL, 'PCD', NULL, NULL),
(442, NULL, 'MARIA FABIANA FERREIRA LIMA TEIXEIRA', '014.546.123-80', 'NÃO', 'NÃO', NULL, '1,0', NULL, NULL),
(443, NULL, 'MARIA FABIANE DINIZ DE JESUS', '072.585.523-16', 'NÃO', 'SIM', NULL, 'PCD', NULL, NULL),
(444, NULL, 'MARIA FEITOSA DE PAIVA', '665.914.903-10', 'SIM', 'NÃO', NULL, 'IDOSO', NULL, NULL),
(445, NULL, 'MARIA FEITOSA FERREIRA', '510.809.743-34', 'SIM', 'NÃO', NULL, 'IDOSO', NULL, NULL),
(446, NULL, 'MARIA GIZELDA DE ARRUDA LIMA', '730.052.743-49', 'NÃO', 'NÃO', NULL, '1,0', NULL, NULL),
(447, NULL, 'MARIA GLAUCIA TEIXEIRA', '051.288.133-20', 'NÃO', 'NÃO', NULL, '1,0', NULL, NULL),
(448, NULL, 'MARIA IVONEIDE TOME MACIEL', '547.961.053-87', 'NÃO', 'NÃO', NULL, '1,0', NULL, NULL),
(449, NULL, 'MARIA JANAINA MOURA DE ARAUJO', '034.695.053-81', 'NÃO', 'NÃO', NULL, '1,0', NULL, NULL),
(450, NULL, 'MARIA JERLIANE NASCIMENTO DA SILVA', '024.795.843-30', 'NÃO', 'SIM', NULL, 'PCD', NULL, NULL),
(451, NULL, 'MARIA JOAQUINA CASTRO DA SILVA', '001.467.543-95', 'NÃO', 'NÃO', NULL, '1,0', NULL, NULL),
(452, NULL, 'MARIA JOSE DAS CHAGAS DIAS', '000.424.033-24', 'NÃO', 'NÃO', NULL, '1,0', NULL, NULL),
(453, NULL, 'MARIA JOSé PENHA', '383.521.763-15', 'SIM', 'NÃO', NULL, 'IDOSO', NULL, NULL),
(454, NULL, 'MARIA JOSÉ SEVERINO DE PAULO', '627.021.907-82', 'SIM', 'SIM', NULL, 'PCD', NULL, NULL),
(455, NULL, 'MARIA JOSELENA BRITO DA SILVA', '567.555.703-20', 'NÃO', 'NÃO', NULL, '1,0', NULL, NULL),
(456, NULL, 'MARIA LIDUINA AGOSTINHO CHAGAS', '825.099.993-20', 'NÃO', 'NÃO', NULL, '1,0', NULL, NULL),
(457, NULL, 'MARIA LIDUINA MARTINS DA SILVA', '941.437.303-91', 'NÃO', 'NÃO', NULL, '1,0', NULL, NULL),
(458, NULL, 'MARIA LINDETE DA SILVA', '186.241.033-04', 'SIM', 'NÃO', NULL, 'IDOSO', NULL, NULL),
(459, NULL, 'MARIA LUCIA EUGENIA DE QUEIROZ', '385.073.823-04', 'SIM', 'NÃO', NULL, 'IDOSO', NULL, NULL),
(460, NULL, 'MARIA LUCIANA DA PONTE', '741.834.783-91', 'NÃO', 'NÃO', NULL, '1,0', NULL, NULL),
(461, NULL, 'MARIA LUCIANE FEITOSA DOS SANTOS', '620.388.743-95', 'NÃO', 'SIM', NULL, 'PCD', NULL, NULL),
(462, NULL, 'MARIA LUZIA DA SILVA', '000.421.834-56', 'SIM', 'SIM', NULL, 'PCD', NULL, NULL),
(463, NULL, 'MARIA MARGARIDA MATIAS', '847.354.143-04', 'NÃO', 'NÃO', NULL, '1,0', NULL, NULL),
(464, NULL, 'MARIA MEIRE MARQUES', '086.638.383-28', 'NÃO', 'NÃO', NULL, '1,0', NULL, NULL),
(465, NULL, 'MARIA MICHELLE CAMPOS SILVA', '025.591.063-02', 'NÃO', 'NÃO', NULL, '1,0', NULL, NULL),
(466, NULL, 'MARIA MIKELLYNA ALVES DA SILVA', '033.630.003-40', 'NÃO', 'NÃO', NULL, '1,0', NULL, NULL),
(467, NULL, 'MARIA MONALISA ALBUQUERQUE PEREIRA', '071.626.663-61', 'NÃO', 'NÃO', NULL, '1,0', NULL, NULL),
(468, NULL, 'MARIA NAIDE DOS SANTOS', '015.212.103-06', 'NÃO', 'NÃO', NULL, '1,0', NULL, NULL),
(469, NULL, 'MARIA NALVA FERREIRA', '832.300.333-53', 'NÃO', 'SIM', NULL, 'PCD', NULL, NULL),
(470, NULL, 'MARIA NOELIA RODRIGUES DO NASCIMENTO', '389.964.643-68', 'SIM', 'NÃO', NULL, 'IDOSO', NULL, NULL),
(471, NULL, 'MARIA NUBIA DE SOUSA LAURENTINO', '509.557.303-25', 'NÃO', 'NÃO', NULL, '1,0', NULL, NULL),
(472, NULL, 'MARIA ORLANI DO NASCIMENTO LAURENTINO', '478.408.703-68', 'NÃO', 'NÃO', NULL, '1,0', NULL, NULL),
(473, NULL, 'MARIA ORLANI MENESES DA CRUZ', '166.061.833-91', 'SIM', 'NÃO', NULL, 'IDOSO', NULL, NULL),
(474, NULL, 'MARIA PASTORA DA SILVA', '609.779.103-85', 'SIM', 'NÃO', NULL, 'IDOSO', NULL, NULL),
(475, NULL, 'MARIA PEREIRA DA SILVA CASTRO', '527.745.973-15', 'NÃO', 'NÃO', NULL, '1,0', NULL, NULL),
(476, NULL, 'MARIA RODRIGUES ARAUJO', '015.979.803-58', 'NÃO', 'NÃO', NULL, '1,0', NULL, NULL),
(477, NULL, 'MARIA RODRIGUES DA COSTA SOUSA', '159.104.153-87', 'SIM', 'NÃO', NULL, 'IDOSO', NULL, NULL),
(478, NULL, 'MARIA ROSENIRA DOS SANTOS FARIAS', '627.957.753-87', 'NÃO', 'NÃO', NULL, '1,0', NULL, NULL),
(479, NULL, 'MARIA ROSIMEIRE RODRIGUES DOS SANTOS', '612.901.963-70', 'NÃO', 'NÃO', NULL, '1,0', NULL, NULL),
(480, NULL, 'MARIA SIMONE TEODOZIO DE LIMA', '025.321.553-61', 'NÃO', 'NÃO', NULL, '1,0', NULL, NULL),
(481, NULL, 'MARIA SOLANJE CARNEIRO DA SILVA', '615.662.333-72', 'NÃO', 'NÃO', NULL, '1,0', NULL, NULL),
(482, NULL, 'MARIA TEREZA DE LIMA', '913.872.723-49', 'NÃO', 'NÃO', NULL, '1,0', NULL, NULL),
(483, NULL, 'MARIA TEREZA SOARES BARBOSA', '164.386.713-04', 'SIM', 'NÃO', NULL, 'IDOSO', NULL, NULL),
(484, NULL, 'MARIA VALDINAR FREIRES', '464.110.463-87', 'NÃO', 'NÃO', NULL, '1,0', NULL, NULL),
(485, NULL, 'MARIA VALQUIRIA ALEXANDRE', '000.072.583-80', 'NÃO', 'NÃO', NULL, '1,0', NULL, NULL),
(486, NULL, 'MARIA VALQUIRIA TRAJANO DA SILVA', '798.876.943-04', 'SIM', 'NÃO', NULL, 'IDOSO', NULL, NULL),
(487, NULL, 'MARIA VILÂNE SALES DE ALMEIDA SOUSA', '626.603.143-49', 'NÃO', 'NÃO', NULL, '1,0', NULL, NULL),
(488, NULL, 'MARIA VILAUBA RODRIGUES DE CASTRO', '622.582.573-87', 'NÃO', 'NÃO', NULL, '1,0', NULL, NULL),
(489, NULL, 'MARIA ZENILDA FREIRES DA SILVA', '899.192.383-68', 'NÃO', 'NÃO', NULL, '1,0', NULL, NULL),
(490, NULL, 'MARIANA DANIELE BEZERRA DO NASCIMENTO', '605.816.723-05', 'NÃO', 'NÃO', NULL, '1,0', NULL, NULL),
(491, NULL, 'MARILENE PEREIRA RODRIGUES', '850.840.503-00', 'NÃO', 'SIM', NULL, 'PCD', NULL, NULL),
(492, NULL, 'MARINA DELFINO CORDEIRO', '049.493.443-31', 'NÃO', 'NÃO', NULL, '1,0', NULL, NULL),
(493, NULL, 'MARINETE EPIFANIO DE OLIVEIRA', '796.837.973-34', 'SIM', 'SIM', NULL, 'PCD', NULL, NULL),
(494, NULL, 'MARIZA VICTOR MARTINS', '388.158.773-04', 'NÃO', 'NÃO', NULL, '1,0', NULL, NULL),
(495, NULL, 'MARLENE DE AQUINO SOUSA', '720.460.903-49', 'NÃO', 'NÃO', NULL, '1,0', NULL, NULL),
(496, NULL, 'MARTA DOS SANTOS GOMES', '053.292.193-37', 'NÃO', 'NÃO', NULL, '1,0', NULL, NULL),
(497, NULL, 'MARTA MARIA DO NASCIMENTO ROMUALDO', '038.818.263-60', 'NÃO', 'NÃO', NULL, '1,0', NULL, NULL),
(498, NULL, 'MARTA MARIA LIMA DE SOUSA CEARÁ', '959.925.883-53', 'NÃO', 'NÃO', NULL, '1,0', NULL, NULL),
(499, NULL, 'MARVIELE MARIA MOREIRA MACIEL CARNEIRO', '042.241.013-60', 'NÃO', 'NÃO', NULL, '1,0', NULL, NULL),
(500, NULL, 'MARYVALDA DOS SANTOS FREITAS', '480.755.313-53', 'NÃO', 'NÃO', NULL, '1,0', NULL, NULL),
(501, NULL, 'MATHEUS COSTA SOUZA', '043.771.203-60', 'NÃO', 'NÃO', NULL, '1,0', NULL, NULL),
(502, NULL, 'MATHEUS SOUSA DE BRITO', '052.115.683-11', 'NÃO', 'NÃO', NULL, '1,0', NULL, NULL),
(503, NULL, 'MAYARA LUCINDO DA SILVA', '057.102.243-08', 'NÃO', 'NÃO', NULL, '1,0', NULL, NULL),
(504, NULL, 'MAYRA MESQUITA MAIA', '063.957.903-58', 'NÃO', 'NÃO', NULL, '1,0', NULL, NULL);
INSERT INTO `beneficiarios` (`id`, `nis`, `nome`, `cpf`, `idoso`, `pcd`, `reserva`, `grupo`, `posicao`, `telefone`) VALUES
(505, NULL, 'MEIRIANE DE ANDRADE GUEDES', '750.766.163-68', 'NÃO', 'NÃO', NULL, '1,0', NULL, NULL),
(506, NULL, 'MEIRILANE VIANA DE OLIVEIRA', '429.854.123-15', 'NÃO', 'NÃO', NULL, '1,0', NULL, NULL),
(507, NULL, 'MICAELE LINS FERREIRA', '667.393.733-53', 'NÃO', 'NÃO', NULL, '1,0', NULL, NULL),
(508, NULL, 'MICHELE DE SOUSA BATISTA', '620.378.643-88', 'NÃO', 'NÃO', NULL, '1,0', NULL, NULL),
(509, NULL, 'MICHELE FERREIRA DO NASCIMENTO', '022.347.743-57', 'NÃO', 'NÃO', NULL, '1,0', NULL, NULL),
(510, NULL, 'MIKAELY CARDOSO BENICIO DE SOUSA', '604.083.443-93', 'NÃO', 'NÃO', NULL, '1,0', NULL, NULL),
(511, NULL, 'MIKELLINI SOUSA DE OLIVEIRA', '604.339.983-00', 'NÃO', 'NÃO', NULL, '1,0', NULL, NULL),
(512, NULL, 'MILENA GOMES CAVALCANTE', '555.020.673-00', 'NÃO', 'NÃO', NULL, '1,0', NULL, NULL),
(513, NULL, 'MILENA HELEN RODRIGUES DA SILVA LIMA', '071.690.813-18', 'NÃO', 'NÃO', NULL, '1,0', NULL, NULL),
(514, NULL, 'MILIANA BATISTA DE BRITO', '041.182.283-78', 'NÃO', 'NÃO', NULL, '1,0', NULL, NULL),
(515, NULL, 'MIRIAN KÉSSIA VIDAL DOS SANTOS', '013.703.633-70', 'NÃO', 'NÃO', NULL, '1,0', NULL, NULL),
(516, NULL, 'NAARA MESQUITA BASTOS', '033.888.003-83', 'NÃO', 'NÃO', NULL, '1,0', NULL, NULL),
(517, NULL, 'NAELITA DE LIMA MENDES', '607.776.253-93', 'NÃO', 'NÃO', NULL, '1,0', NULL, NULL),
(518, NULL, 'NAGELA MILENA DE SOUSA MARQUES.', '040.798.303-19', 'NÃO', 'SIM', NULL, 'PCD', NULL, NULL),
(519, NULL, 'NAIARA DOS SANTOS MONTEIRO', '061.310.883-30', 'NÃO', 'NÃO', NULL, '1,0', NULL, NULL),
(520, NULL, 'NAIARA SILVA SOUZA', '615.277.743-76', 'NÃO', 'NÃO', NULL, '1,0', NULL, NULL),
(521, NULL, 'NAIDIANE PINHEIRO DA SILVA', '034.444.723-58', 'NÃO', 'NÃO', NULL, '1,0', NULL, NULL),
(522, NULL, 'NATALIA DA SILVA BIBIANO', '009.148.123-60', 'NÃO', 'NÃO', NULL, '1,0', NULL, NULL),
(523, NULL, 'NAYARA PEREIRA DE LIMA', '070.491.913-37', 'NÃO', 'NÃO', NULL, '1,0', NULL, NULL),
(524, NULL, 'NAYARA PEREIRA NOROES BOUTALA', '045.912.063-86', 'NÃO', 'SIM', NULL, 'PCD', NULL, NULL),
(525, NULL, 'NEIRES DA SILVA MARQUES', '470.025.493-91', 'NÃO', 'NÃO', NULL, '1,0', NULL, NULL),
(526, NULL, 'NELMA MONTEIRO MONTE', '445.311.333-15', 'NÃO', 'NÃO', NULL, '1,0', NULL, NULL),
(527, NULL, 'NILA FRANÇA DA SILVA QUEIROZ', '665.122.393-34', 'NÃO', 'NÃO', NULL, '1,0', NULL, NULL),
(528, NULL, 'NILZELENA MENDES DE LIMA', '896.055.353-00', 'NÃO', 'NÃO', NULL, '1,0', NULL, NULL),
(529, NULL, 'NIVEA MARIA DO NASCIMENTO DOS SANTOS FREITAS', '094.755.154-96', 'NÃO', 'NÃO', NULL, '1,0', NULL, NULL),
(530, NULL, 'NUBIA MOREIRA DA SILVA', '755.772.323-68', 'NÃO', 'NÃO', NULL, '1,0', NULL, NULL),
(531, NULL, 'OCEBIAS QUEIROZ DE SOUSA', '210.065.553-15', 'NÃO', 'NÃO', NULL, '1,0', NULL, NULL),
(532, NULL, 'OSMARINA SANTOS DA SILVA', '209.744.003-78', 'SIM', 'NÃO', NULL, 'IDOSO', NULL, NULL),
(533, NULL, 'OTAVIO PAULO DE LIMA NETO', '033.675.813-80', 'NÃO', 'NÃO', NULL, '1,0', NULL, NULL),
(534, NULL, 'PABLO RUAN LIMA MOURA', '608.474.753-10', 'NÃO', 'NÃO', NULL, '1,0', NULL, NULL),
(535, NULL, 'PATRICIA DE PAULA CAMARÃO', '057.276.743-95', 'NÃO', 'NÃO', NULL, '1,0', NULL, NULL),
(536, NULL, 'PATRICIA MARIA CAVALCANTE DO NASCIMENTO', '410.544.403-44', 'NÃO', 'NÃO', NULL, '1,0', NULL, NULL),
(537, NULL, 'PATRICIA PEREIRA DA SILVA', '033.708.123-98', 'NÃO', 'NÃO', NULL, '1,0', NULL, NULL),
(538, NULL, 'PAULA REGIA SOUSA SILVA', '055.856.173-03', 'NÃO', 'SIM', NULL, 'PCD', NULL, NULL),
(539, NULL, 'PAULA ROBERTA NUNES DE OLIVEIRA', '004.589.993-26', 'NÃO', 'NÃO', NULL, '1,0', NULL, NULL),
(540, NULL, 'PAULO CESAR DE BRITO RODRIGUES', '165.604.183-91', 'NÃO', 'SIM', NULL, 'PCD', NULL, NULL),
(541, NULL, 'PERIS REGIS DE FREITAS', '023.821.243-26', 'NÃO', 'NÃO', NULL, '1,0', NULL, NULL),
(542, NULL, 'PRISCILLA LAILANA TEOFILO CALIXTO', '056.688.803-38', 'NÃO', 'NÃO', NULL, '1,0', NULL, NULL),
(543, NULL, 'RAFAELA MOURA DE SOUSA', '669.295.203-49', 'NÃO', 'NÃO', NULL, '1,0', NULL, NULL),
(544, NULL, 'RAIMUNDA ALVES DE LIMA', '738.816.353-00', 'NÃO', 'SIM', NULL, 'PCD', NULL, NULL),
(545, NULL, 'RAIMUNDA CHAVES DE SOUSA', '380.813.263-91', 'NÃO', 'NÃO', NULL, '1,0', NULL, NULL),
(546, NULL, 'RAIMUNDA DE SOUZA DIMAS FREITAS', '037.346.883-02', 'NÃO', 'NÃO', NULL, '1,0', NULL, NULL),
(547, NULL, 'RAIMUNDA JOSEDINA LIMA CASTRO', '823.442.563-34', 'NÃO', 'NÃO', NULL, '1,0', NULL, NULL),
(548, NULL, 'RAIMUNDA LIMA DA SILVA', '055.701.214-71', 'NÃO', 'NÃO', NULL, '1,0', NULL, NULL),
(549, NULL, 'RAIMUNDA NONATA PEREIRA DE LIMA', '658.781.913-34', 'NÃO', 'SIM', NULL, 'PCD', NULL, NULL),
(550, NULL, 'RAIMUNDO NONATO FERREIRA', '028.049.052-68', 'SIM', 'SIM', NULL, 'PCD', NULL, NULL),
(551, NULL, 'RANYELA DE OLIVEIRA PEREIRA', '059.053.683-41', 'NÃO', 'NÃO', NULL, '1,0', NULL, NULL),
(552, NULL, 'RAQUEL FROTA DA SILVA', '076.211.723-04', 'NÃO', 'NÃO', NULL, '1,0', NULL, NULL),
(553, NULL, 'RAQUEL RODRIGUES DE LIMA', '649.486.253-53', 'NÃO', 'NÃO', NULL, '1,0', NULL, NULL),
(554, NULL, 'RAYANE MOTA PINHEIRO', '609.180.003-51', 'NÃO', 'NÃO', NULL, '1,0', NULL, NULL),
(555, NULL, 'REBECA DA SILVA SOUSA', '623.833.143-74', 'NÃO', 'SIM', NULL, 'PCD', NULL, NULL),
(556, NULL, 'REGILA MARIA DA SILVA', '702.888.443-00', 'NÃO', 'NÃO', NULL, '1,0', NULL, NULL),
(557, NULL, 'REGINA LUCIA MAIA DA SILVA', '368.890.913-53', 'NÃO', 'NÃO', NULL, '1,0', NULL, NULL),
(558, NULL, 'REGINA OLIVEIRA CAETANO', '624.554.353-34', 'NÃO', 'NÃO', NULL, '1,0', NULL, NULL),
(559, NULL, 'REGINALDO MARTINS PEREIRA', '012.683.893-31', 'NÃO', 'NÃO', NULL, '1,0', NULL, NULL),
(560, NULL, 'RENATA OTAVIANO ROCHA', '053.376.043-76', 'NÃO', 'NÃO', NULL, '1,0', NULL, NULL),
(561, NULL, 'RENEIDE XAVIER DE CASTRO', '410.503.043-49', 'NÃO', 'NÃO', NULL, '1,0', NULL, NULL),
(562, NULL, 'RITA BATISTA DE BRITO', '362.309.443-91', 'SIM', 'NÃO', NULL, 'IDOSO', NULL, NULL),
(563, NULL, 'RITA CAROLINE PAIVA MILANES', '863.345.223-53', 'NÃO', 'NÃO', NULL, '1,0', NULL, NULL),
(564, NULL, 'RITA DE CASSIA ARAUJO DA SILVA', '006.267.113-80', 'NÃO', 'SIM', NULL, 'PCD', NULL, NULL),
(565, NULL, 'RITA MENDES DE MELO', '433.511.743-49', 'NÃO', 'NÃO', NULL, '1,0', NULL, NULL),
(566, NULL, 'RITA SOUSA DE MAGALHAES', '681.192.753-49', 'SIM', 'NÃO', NULL, 'IDOSO', NULL, NULL),
(567, NULL, 'RITA ZILMAR DOS SANTOS', '295.002.063-15', 'SIM', 'NÃO', NULL, 'IDOSO', NULL, NULL),
(568, NULL, 'ROBERTA ARAUJO CORREIA', '016.871.003-06', 'NÃO', 'NÃO', NULL, '1,0', NULL, NULL),
(569, NULL, 'ROBERTA ARAUJO RODRIGUES', '045.812.793-05', 'NÃO', 'NÃO', NULL, '1,0', NULL, NULL),
(570, NULL, 'ROBERTA DE PAULA FARIAS', '064.480.263-47', 'NÃO', 'NÃO', NULL, '1,0', NULL, NULL),
(571, NULL, 'ROCICLER MARIA ALVES COSTA', '723.242.013-72', 'NÃO', 'SIM', NULL, 'PCD', NULL, NULL),
(572, NULL, 'RODNEY IRLAM DE LIMA SILVA', '028.189.683-64', 'NÃO', 'NÃO', NULL, '1,0', NULL, NULL),
(573, NULL, 'ROGERIO RODRIGUES DE SOUSA', '643.453.783-20', 'NÃO', 'SIM', NULL, 'PCD', NULL, NULL),
(574, NULL, 'ROGÉRIO RODRIGUES FEITOSA', '048.037.963-78', 'NÃO', 'NÃO', NULL, '1,0', NULL, NULL),
(575, NULL, 'RONIE VON GERALDO DA SILVA', '873.528.344-00', 'NÃO', 'NÃO', NULL, '1,0', NULL, NULL),
(576, NULL, 'ROSANE ROBERTA CHAVES DOS SANTOS', '035.225.683-46', 'NÃO', 'SIM', NULL, 'PCD', NULL, NULL),
(577, NULL, 'ROSANGELA DE SOUSA TAVARES', '369.071.543-15', 'NÃO', 'NÃO', NULL, '1,0', NULL, NULL),
(578, NULL, 'ROSANIA SANTOS DE SOUSA', '484.269.033-04', 'NÃO', 'SIM', NULL, 'PCD', NULL, NULL),
(579, NULL, 'ROSE PRADO DE OLIVEIRA', '010.147.173-45', 'NÃO', 'NÃO', NULL, '1,0', NULL, NULL),
(580, NULL, 'ROSELYNE LIMA TAVARES', '017.620.043-64', 'NÃO', 'NÃO', NULL, '1,0', NULL, NULL),
(581, NULL, 'ROSENIR BRITO DA SILVA', '024.312.303-50', 'NÃO', 'NÃO', NULL, '1,0', NULL, NULL),
(582, NULL, 'ROSICLEIDE NUNES BARRETO', '009.693.323-27', 'NÃO', 'NÃO', NULL, '1,0', NULL, NULL),
(583, NULL, 'ROSILENE PEREIRA PACHECO DOS SANTOS', '003.129.813-33', 'NÃO', 'NÃO', NULL, '1,0', NULL, NULL),
(584, NULL, 'ROSIMAR SOUSA FLOR', '720.569.753-00', 'NÃO', 'NÃO', NULL, '1,0', NULL, NULL),
(585, NULL, 'ROSIQUELE LEANDRO DE OLIVEIRA', '616.639.813-10', 'NÃO', 'NÃO', NULL, '1,0', NULL, NULL),
(586, NULL, 'ROSIVANIA MARIA MARQUES', '015.849.733-31', 'NÃO', 'NÃO', NULL, '1,0', NULL, NULL),
(587, NULL, 'ROUSE MARCIA DA SILVA DE CASTRO DOS SANTOS', '501.561.523-04', 'NÃO', 'NÃO', NULL, '1,0', NULL, NULL),
(588, NULL, 'ROZIANA MARIA DA CONCEIÇÃO', '910.207.273-49', 'NÃO', 'NÃO', NULL, '1,0', NULL, NULL),
(589, NULL, 'RUTE NASCIMENTO COSTA', '043.855.973-83', 'NÃO', 'NÃO', NULL, '1,0', NULL, NULL),
(590, NULL, 'RUTH POLICARPO FERREIRA', '003.967.663-31', 'NÃO', 'NÃO', NULL, '1,0', NULL, NULL),
(591, NULL, 'SAMARA DE ARAUJO OLIVEIRA', '058.410.673-46', 'NÃO', 'NÃO', NULL, '1,0', NULL, NULL),
(592, NULL, 'SAMARA INGRID SONGO DA SILVA', '036.698.853-07', 'NÃO', 'NÃO', NULL, '1,0', NULL, NULL),
(593, NULL, 'SAMYR GUEDES DE MENEZES', '129.791.287-08', 'NÃO', 'NÃO', NULL, '1,0', NULL, NULL),
(594, NULL, 'SANDRA DA SILVA PEREIRA', '031.464.933-65', 'NÃO', 'NÃO', NULL, '1,0', NULL, NULL),
(595, NULL, 'SANDRA GOMES DE OLIVEIRA', '491.497.173-91', 'NÃO', 'NÃO', NULL, '1,0', NULL, NULL),
(596, NULL, 'SANDRA MARIA HOLANDA DE SOUZA', '389.206.203-00', 'NÃO', 'NÃO', NULL, '1,0', NULL, NULL),
(597, NULL, 'SANDRA MARIA NUNES DA SILVA DAMASCENO', '009.721.713-12', 'SIM', 'NÃO', NULL, 'IDOSO', NULL, NULL),
(598, NULL, 'SEBASTIAO GOMES PEREIRA', '142.754.303-87', 'SIM', 'NÃO', NULL, 'IDOSO', NULL, NULL),
(599, NULL, 'SELMA PAULINO DE SOUZA', '677.030.113-04', 'NÃO', 'NÃO', NULL, '1,0', NULL, NULL),
(600, NULL, 'SHEILA CRISTINA CIMOA DA SILVA', '033.181.523-07', 'NÃO', 'NÃO', NULL, '1,0', NULL, NULL),
(601, NULL, 'SHERLIANE ARAÚJO NEGREIRO', '620.664.933-41', 'NÃO', 'NÃO', NULL, '1,0', NULL, NULL),
(602, NULL, 'SILMARA LIMA DA COSTA', '049.400.463-03', 'NÃO', 'NÃO', NULL, '1,0', NULL, NULL),
(603, NULL, 'SILVANA PEREIRA DA SILVA ABREU', '371.395.843-20', 'NÃO', 'NÃO', NULL, '1,0', NULL, NULL),
(604, NULL, 'SILVENIR SANTOS SILVA', '177.165.398-17', 'NÃO', 'SIM', NULL, 'PCD', NULL, NULL),
(605, NULL, 'SILVIA HELENA CHAVES SANTIAGO', '726.572.353-87', 'NÃO', 'SIM', NULL, 'PCD', NULL, NULL),
(606, NULL, 'SILVIA HELENA DA SILVA', '683.548.273-72', 'NÃO', 'NÃO', NULL, '1,0', NULL, NULL),
(607, NULL, 'SILVIA HELENA DOS SANTOS LOPES', '020.287.793-06', 'NÃO', 'NÃO', NULL, '1,0', NULL, NULL),
(608, NULL, 'SILVIA HELENA ROCHA DA SILVA', '023.182.743-12', 'NÃO', 'NÃO', NULL, '1,0', NULL, NULL),
(609, NULL, 'SINARA MARIA PEREIRA SOUZA', '065.243.693-51', 'NÃO', 'NÃO', NULL, '1,0', NULL, NULL),
(610, NULL, 'SIRLEIDE MONTEIRO DE SOUZA', '002.639.733-10', 'NÃO', 'NÃO', NULL, '1,0', NULL, NULL),
(611, NULL, 'SOLANGE SILVA DE OLIVEIRA', '376.080.678-37', 'NÃO', 'SIM', NULL, 'PCD', NULL, NULL),
(612, NULL, 'SONIA ALVES DA SILVA DANTAS', '603.564.583-69', 'NÃO', 'NÃO', NULL, '1,0', NULL, NULL),
(613, NULL, 'SORAYA LIRA PORTO', '000.496.223-07', 'NÃO', 'NÃO', NULL, '1,0', NULL, NULL),
(614, NULL, 'TAINARA LúCIA TELES DE OLIVEIRA', '042.457.613-93', 'NÃO', 'NÃO', NULL, '1,0', NULL, NULL),
(615, NULL, 'TALITA POLICARPO FERREIRA', '060.871.793-21', 'NÃO', 'NÃO', NULL, '1,0', NULL, NULL),
(616, NULL, 'TAMYLES ELIAS', '047.313.033-54', 'NÃO', 'NÃO', NULL, '1,0', NULL, NULL),
(617, NULL, 'TASSO SILVA ARRUDA', '034.713.923-00', 'NÃO', 'NÃO', NULL, '1,0', NULL, NULL),
(618, NULL, 'TATIANA COSTA MELO', '000.498.383-18', 'NÃO', 'NÃO', NULL, '1,0', NULL, NULL),
(619, NULL, 'TATIANA CRISTINA SILVA SANTOS', '974.390.613-49', 'NÃO', 'NÃO', NULL, '1,0', NULL, NULL),
(620, NULL, 'TATIANE DE OLIVEIRA', '070.860.533-84', 'NÃO', 'NÃO', NULL, '1,0', NULL, NULL),
(621, NULL, 'TERESINHA TEIXEIRA DIAS', '011.284.613-07', 'SIM', 'NÃO', NULL, 'IDOSO', NULL, NULL),
(622, NULL, 'TEREZA CRISTINA CORREA FERNANDES HONORATO', '646.721.073-53', 'NÃO', 'SIM', NULL, 'PCD', NULL, NULL),
(623, NULL, 'TEREZA CRISTINA DA SILVA MOURA', '627.973.793-49', 'SIM', 'NÃO', NULL, 'IDOSO', NULL, NULL),
(624, NULL, 'TEREZINHA DE JESUS RIOS', '794.991.633-87', 'NÃO', 'SIM', NULL, 'PCD', NULL, NULL),
(625, NULL, 'THAIS SILVA OLIVEIRA', '609.883.963-86', 'NÃO', 'NÃO', NULL, '1,0', NULL, NULL),
(626, NULL, 'TIMOTEO DOMICIANO DE SOUSA', '059.133.553-00', 'NÃO', 'NÃO', NULL, '1,0', NULL, NULL),
(627, NULL, 'VALDECÍ ALVES BEZERRA', '019.636.703-45', 'NÃO', 'NÃO', NULL, '1,0', NULL, NULL),
(628, NULL, 'VALDELICE LIMA DA COSTA', '815.022.493-91', 'NÃO', 'SIM', NULL, 'PCD', NULL, NULL),
(629, NULL, 'VALDENICE LEITE BARROSO', '778.490.863-68', 'NÃO', 'NÃO', NULL, '1,0', NULL, NULL),
(630, NULL, 'VALDIANI BERNARDO MARQUES', '006.265.163-31', 'NÃO', 'NÃO', NULL, '1,0', NULL, NULL),
(631, NULL, 'VALDIR LIMA BARBOSA', '012.023.623-03', 'NÃO', 'NÃO', NULL, '1,0', NULL, NULL),
(632, NULL, 'VALERIA FARIAS RODRIGUES', '020.477.603-13', 'NÃO', 'NÃO', NULL, '1,0', NULL, NULL),
(633, NULL, 'VALERIA PINTO BASTOS', '458.368.923-34', 'NÃO', 'SIM', NULL, 'PCD', NULL, NULL),
(634, NULL, 'VANESSA MACHADO DE SOUZA MOREIRA', '012.686.543-45', 'NÃO', 'NÃO', NULL, '1,0', NULL, NULL),
(635, NULL, 'VANUSA ANDRADE SOUZA', '027.657.983-62', 'NÃO', 'NÃO', NULL, '1,0', NULL, NULL),
(636, NULL, 'VELMA VANESCA SOUSA DE ALMADA RIBEIRO', '554.684.971-15', 'NÃO', 'NÃO', NULL, '1,0', NULL, NULL),
(637, NULL, 'VERA LUCIA DE SOUZA COLOMBO', '424.473.643-34', 'NÃO', 'NÃO', NULL, '1,0', NULL, NULL),
(638, NULL, 'VERLANE ALVES DE LIMA', '651.362.093-72', 'NÃO', 'NÃO', NULL, '1,0', NULL, NULL),
(639, NULL, 'VILMAR RODRIGUES DO NASCIMENTO', '367.623.343-34', 'NÃO', 'NÃO', NULL, '1,0', NULL, NULL),
(640, NULL, 'VIVIANE NOBRE DA SILVA', '013.973.743-06', 'NÃO', 'NÃO', NULL, '1,0', NULL, NULL),
(641, NULL, 'VLDENICE COSTA SANTOS', '070.937.543-33', 'NÃO', 'NÃO', NULL, '1,0', NULL, NULL),
(642, NULL, 'WENDSON DE OLIVEIRA BARBOSA', '000.680.093-99', 'NÃO', 'NÃO', NULL, '1,0', NULL, NULL),
(643, NULL, 'WILIANA ALVES ALVES GOMES', '006.824.753-27', 'NÃO', 'SIM', NULL, 'PCD', NULL, NULL),
(644, NULL, 'YASMIN DE OLIVEIRA', '063.198.023-75', 'NÃO', 'NÃO', NULL, '1,0', NULL, NULL),
(645, NULL, 'ZILDENE MARCULINO DOS SANTOS', '630.159.513-00', 'NÃO', 'NÃO', NULL, '1,0', NULL, NULL),
(646, NULL, 'CLAUDIANA DA SILVA DOS SANTOS PINTO', '034.927.593-94', 'NÃO', 'SIM', NULL, 'PCD', NULL, NULL),
(647, NULL, 'ELZA NOBRE GOMES SARAIVA', '621.541.683-53', 'NÃO', 'SIM', NULL, 'PCD', NULL, NULL),
(648, NULL, 'MARIA JUCILENE MACIEL SALES', '027.725.783-21', 'NÃO', 'NÃO', NULL, '1,0', NULL, NULL),
(649, NULL, 'JACINTA LIMA PEREIRA', '635.006.633-20', 'NÃO', 'NÃO', NULL, '1,0', NULL, NULL),
(650, NULL, 'MARIA DE FÁTIMA MARTINS DA SILVA', '161.582.453-72', 'SIM', 'SIM', NULL, 'PCD', NULL, NULL),
(651, NULL, 'ADIZIA SILVA DA SILVEIRA', '161.464.763-15', 'SIM', 'NÃO', NULL, 'IDOSO', NULL, NULL),
(652, NULL, 'ALEXSANDRA SANTOS DE ANDRADE', '050.340.743-70', 'NÃO', 'SIM', NULL, 'PCD', NULL, NULL),
(653, NULL, 'MARIA DE OLIVEIRA', '422.643.083-20', 'NÃO', 'NÃO', NULL, '1,0', NULL, NULL),
(654, NULL, 'ANTONIO GLEIDSON RODRIGUES DE MARIA', '420.118.923-68', 'NÃO', 'NÃO', NULL, '1,0', NULL, NULL),
(655, NULL, 'ELISDENIA SENA DOS SANTOS', '053.594.543-42', 'NÃO', 'NÃO', NULL, '1,0', NULL, NULL),
(656, NULL, 'MARIA MIRIAM DA SILVA BEZERRA', '886.653.213-49', 'NÃO', 'NÃO', NULL, '1,0', NULL, NULL);

-- --------------------------------------------------------

--
-- Estrutura da tabela `blocos`
--

CREATE TABLE `blocos` (
  `id` int(11) NOT NULL,
  `lote_id` int(11) NOT NULL,
  `quadra_id` int(11) NOT NULL,
  `empreendimento_id` int(11) NOT NULL,
  `nome` varchar(250) NOT NULL
) ENGINE=InnoDB DEFAULT CHARSET=utf8;

--
-- Extraindo dados da tabela `blocos`
--

INSERT INTO `blocos` (`id`, `lote_id`, `quadra_id`, `empreendimento_id`, `nome`) VALUES
(1, 1, 1, 1, 'BLOCO 01'),
(2, 1, 1, 1, 'BLOCO 02'),
(3, 1, 1, 1, 'BLOCO 03'),
(4, 1, 1, 1, 'BLOCO 04'),
(5, 1, 1, 1, 'BLOCO 05'),
(6, 1, 1, 1, 'BLOCO 06'),
(7, 1, 1, 1, 'BLOCO 07'),
(8, 1, 1, 1, 'BLOCO 08'),
(9, 1, 1, 1, 'BLOCO 09'),
(10, 1, 1, 1, 'BLOCO 10'),
(11, 1, 1, 1, 'BLOCO 11'),
(12, 1, 1, 1, 'BLOCO 12'),
(13, 1, 1, 1, 'BLOCO 13'),
(14, 1, 1, 1, 'BLOCO 14'),
(15, 1, 1, 1, 'BLOCO 15'),
(16, 1, 1, 1, 'BLOCO 16'),
(17, 1, 1, 1, 'BLOCO 17'),
(18, 2, 1, 1, 'BLOCO 01'),
(19, 2, 1, 1, 'BLOCO 02'),
(20, 2, 1, 1, 'BLOCO 03'),
(21, 2, 1, 1, 'BLOCO 04'),
(22, 2, 1, 1, 'BLOCO 05'),
(23, 2, 1, 1, 'BLOCO 06'),
(24, 2, 1, 1, 'BLOCO 07'),
(25, 2, 1, 1, 'BLOCO 08'),
(26, 2, 1, 1, 'BLOCO 09'),
(27, 2, 1, 1, 'BLOCO 10'),
(28, 2, 1, 1, 'BLOCO 11'),
(29, 2, 1, 1, 'BLOCO 12'),
(30, 2, 1, 1, 'BLOCO 13'),
(31, 2, 1, 1, 'BLOCO 14'),
(32, 3, 1, 1, 'BLOCO 01'),
(33, 3, 1, 1, 'BLOCO 02'),
(34, 3, 1, 1, 'BLOCO 03'),
(35, 3, 1, 1, 'BLOCO 04'),
(36, 3, 1, 1, 'BLOCO 05'),
(37, 3, 1, 1, 'BLOCO 06'),
(38, 3, 1, 1, 'BLOCO 07'),
(39, 3, 1, 1, 'BLOCO 08'),
(40, 3, 1, 1, 'BLOCO 09'),
(41, 3, 1, 1, 'BLOCO 10');

-- --------------------------------------------------------

--
-- Estrutura da tabela `empreendimentos`
--

CREATE TABLE `empreendimentos` (
  `id` int(11) NOT NULL,
  `nome` varchar(250) NOT NULL
) ENGINE=InnoDB DEFAULT CHARSET=utf8;

--
-- Extraindo dados da tabela `empreendimentos`
--

INSERT INTO `empreendimentos` (`id`, `nome`) VALUES
(1, 'LOTEAMENTO CIDADE JARDIM 2');

-- --------------------------------------------------------

--
-- Estrutura da tabela `lotes`
--

CREATE TABLE `lotes` (
  `id` int(11) NOT NULL,
  `quadra_id` int(11) NOT NULL,
  `empreendimento_id` int(11) NOT NULL,
  `nome` varchar(250) NOT NULL
) ENGINE=InnoDB DEFAULT CHARSET=utf8;

--
-- Extraindo dados da tabela `lotes`
--

INSERT INTO `lotes` (`id`, `quadra_id`, `empreendimento_id`, `nome`) VALUES
(1, 1, 1, 'LOTE 1'),
(2, 1, 1, 'LOTE 3'),
(3, 1, 1, 'LOTE 4');

-- --------------------------------------------------------

--
-- Estrutura da tabela `quadras`
--

CREATE TABLE `quadras` (
  `id` int(11) NOT NULL,
  `empreendimento_id` int(11) NOT NULL,
  `nome` varchar(250) NOT NULL
) ENGINE=InnoDB DEFAULT CHARSET=utf8;

--
-- Extraindo dados da tabela `quadras`
--

INSERT INTO `quadras` (`id`, `empreendimento_id`, `nome`) VALUES
(1, 1, 'QUADRA 6');

-- --------------------------------------------------------

--
-- Estrutura da tabela `resultados`
--

CREATE TABLE `resultados` (
  `id` int(11) NOT NULL,
  `beneficiario_id` int(11) NOT NULL,
  `apartamento_id` int(11) NOT NULL,
  `data` datetime DEFAULT NULL
) ENGINE=InnoDB DEFAULT CHARSET=utf8;

--
-- Indexes for dumped tables
--

--
-- Indexes for table `apartamentos`
--
ALTER TABLE `apartamentos`
  ADD PRIMARY KEY (`id`),
  ADD KEY `bloco_id` (`bloco_id`),
  ADD KEY `lote_id` (`lote_id`),
  ADD KEY `quadra_id` (`quadra_id`,`empreendimento_id`),
  ADD KEY `empreendimento` (`empreendimento_id`);

--
-- Indexes for table `beneficiarios`
--
ALTER TABLE `beneficiarios`
  ADD PRIMARY KEY (`id`);

--
-- Indexes for table `blocos`
--
ALTER TABLE `blocos`
  ADD PRIMARY KEY (`id`),
  ADD KEY `lote_id` (`lote_id`),
  ADD KEY `quadra_id` (`quadra_id`),
  ADD KEY `empreendimento_id` (`empreendimento_id`);

--
-- Indexes for table `empreendimentos`
--
ALTER TABLE `empreendimentos`
  ADD PRIMARY KEY (`id`);

--
-- Indexes for table `lotes`
--
ALTER TABLE `lotes`
  ADD PRIMARY KEY (`id`),
  ADD KEY `quadra_id` (`quadra_id`),
  ADD KEY `empreendimento_id` (`empreendimento_id`);

--
-- Indexes for table `quadras`
--
ALTER TABLE `quadras`
  ADD PRIMARY KEY (`id`),
  ADD KEY `empreendimento_id` (`empreendimento_id`);

--
-- Indexes for table `resultados`
--
ALTER TABLE `resultados`
  ADD PRIMARY KEY (`id`),
  ADD UNIQUE KEY `beneficiario_id_2` (`beneficiario_id`),
  ADD UNIQUE KEY `apartamento_id` (`apartamento_id`),
  ADD UNIQUE KEY `beneficiario_id_3` (`beneficiario_id`,`apartamento_id`),
  ADD KEY `beneficiario_id` (`beneficiario_id`,`apartamento_id`);

--
-- AUTO_INCREMENT for dumped tables
--

--
-- AUTO_INCREMENT for table `apartamentos`
--
ALTER TABLE `apartamentos`
  MODIFY `id` int(11) NOT NULL AUTO_INCREMENT, AUTO_INCREMENT=657;

--
-- AUTO_INCREMENT for table `beneficiarios`
--
ALTER TABLE `beneficiarios`
  MODIFY `id` int(11) NOT NULL AUTO_INCREMENT, AUTO_INCREMENT=657;

--
-- AUTO_INCREMENT for table `blocos`
--
ALTER TABLE `blocos`
  MODIFY `id` int(11) NOT NULL AUTO_INCREMENT, AUTO_INCREMENT=42;

--
-- AUTO_INCREMENT for table `empreendimentos`
--
ALTER TABLE `empreendimentos`
  MODIFY `id` int(11) NOT NULL AUTO_INCREMENT, AUTO_INCREMENT=2;

--
-- AUTO_INCREMENT for table `lotes`
--
ALTER TABLE `lotes`
  MODIFY `id` int(11) NOT NULL AUTO_INCREMENT, AUTO_INCREMENT=4;

--
-- AUTO_INCREMENT for table `quadras`
--
ALTER TABLE `quadras`
  MODIFY `id` int(11) NOT NULL AUTO_INCREMENT, AUTO_INCREMENT=2;

--
-- AUTO_INCREMENT for table `resultados`
--
ALTER TABLE `resultados`
  MODIFY `id` int(11) NOT NULL AUTO_INCREMENT;

--
-- Constraints for dumped tables
--

--
-- Limitadores para a tabela `apartamentos`
--
ALTER TABLE `apartamentos`
  ADD CONSTRAINT `apartamentos_ibfk_1` FOREIGN KEY (`bloco_id`) REFERENCES `blocos` (`id`),
  ADD CONSTRAINT `apartamentos_ibfk_2` FOREIGN KEY (`lote_id`) REFERENCES `lotes` (`id`),
  ADD CONSTRAINT `apartamentos_ibfk_3` FOREIGN KEY (`quadra_id`) REFERENCES `quadras` (`id`),
  ADD CONSTRAINT `apartamentos_ibfk_4` FOREIGN KEY (`empreendimento_id`) REFERENCES `empreendimentos` (`id`);

--
-- Limitadores para a tabela `blocos`
--
ALTER TABLE `blocos`
  ADD CONSTRAINT `blocos_ibfk_1` FOREIGN KEY (`quadra_id`) REFERENCES `quadras` (`id`),
  ADD CONSTRAINT `blocos_ibfk_2` FOREIGN KEY (`empreendimento_id`) REFERENCES `empreendimentos` (`id`),
  ADD CONSTRAINT `blocos_ibfk_3` FOREIGN KEY (`lote_id`) REFERENCES `lotes` (`id`);

--
-- Limitadores para a tabela `lotes`
--
ALTER TABLE `lotes`
  ADD CONSTRAINT `lotes_ibfk_1` FOREIGN KEY (`quadra_id`) REFERENCES `quadras` (`id`),
  ADD CONSTRAINT `lotes_ibfk_2` FOREIGN KEY (`empreendimento_id`) REFERENCES `empreendimentos` (`id`);

--
-- Limitadores para a tabela `quadras`
--
ALTER TABLE `quadras`
  ADD CONSTRAINT `quadras_ibfk_1` FOREIGN KEY (`empreendimento_id`) REFERENCES `empreendimentos` (`id`);

--
-- Limitadores para a tabela `resultados`
--
ALTER TABLE `resultados`
  ADD CONSTRAINT `resultados_ibfk_1` FOREIGN KEY (`beneficiario_id`) REFERENCES `beneficiarios` (`id`),
  ADD CONSTRAINT `resultados_ibfk_2` FOREIGN KEY (`apartamento_id`) REFERENCES `apartamentos` (`id`);
COMMIT;

/*!40101 SET CHARACTER_SET_CLIENT=@OLD_CHARACTER_SET_CLIENT */;
/*!40101 SET CHARACTER_SET_RESULTS=@OLD_CHARACTER_SET_RESULTS */;
/*!40101 SET COLLATION_CONNECTION=@OLD_COLLATION_CONNECTION */;
